title,source,content,time
河北廊坊发生4．3级地震 北京天津震感强烈,新浪网,"['中国地震台网中心:经过分析判定,这次地震可能为孤立型,原震区发生更大地震可能性不大。另外,首都圈发生5级以上地震可能性不大。', '', '北京天津等地均有明显震感', '', '部分市民在震后走到街头宋敏涛摄', '', '震后当地通讯正常宋敏涛摄', '当晚6时50分许,记者在廊坊市区看到,一些感觉到震感的市民走上街头,但秩序井然,且通讯正常。', '', '廊坊街头秩序井然宋敏涛摄', '北京市民侯勇说,此次震感明显,以为北京地区地震了,没想到在河北。他的朋友开始在微信朋友圈分享有关内容。', '微博上,一些网友表示,河北唐山、承德等地以及天津地区有明显震感。', '', '河北省地震局表示,该部门已启动三级地震应急响,并派出相关人员赶赴一线,具体现场情况随后发布。', '京沪高铁、京沪和京九线部分旅客列车晚点', '', '另据@北京铁路消息,为确保旅客列车安全,中国铁路北京局集团立即启动应急预案,停扣途径京沪高铁、京沪和京九线通过该区段的上下线行旅客列车,正在组织人员对线路进行巡检,导致部分旅客列车晚点。', '震中周边200公里内近5年来发生3级以上地震共11次', '震中周边人口密集,有感范围较大,震中距离北京城区约65公里。据移动人口大数据分析,震中20公里范围内人口数约106万,50公里范围内约1007万,100公里范围内约5741万。', '', '本次地震周边5公里内的村庄有辛务村、小站村、左奕村、焦庄村、北刘庄村、东西溜村、西西溜村、北上村、大站村、横亭村,20公里内的乡镇有别古庄镇、韩村镇、调和头乡、仇庄乡、码头镇、曹家务乡、杨税务乡、葛渔城镇、里澜城镇。', '', '震中周边200公里内近5年来发生3级以上地震共11次,最大地震是2014年9月6日在河北省张家口市涿鹿县发生的4.3级地震(距离本次震中150公里),历史地震分布如图。', '', '今晚永清有余震纯属谣言公安部门正追查谣言源头', '', '据廊坊发布微信公众号消息,今晚18点31分,河北永清县附近发生4.3级地震后,省、市地震局应急人员和有关专家已赶往震区,正核实灾情,会商情况。目前,网传永清县9958应急救援队接到通知,今晚11点30分有余震活动的消息纯属谣言,公安部门正在追查谣言的源头,请广大群众勿信勿传谣言,以权威发布为准。', '不要再转发这条信息了!是谣言!', '据@人民网消息,12日18时廊坊发生4.4级地震后,朋友圈出现一条消息:“检测局紧急通知,因地壳变动今晚津京冀地区,八点到凌晨六点有间接性地震发生,3～5级,请大家做好避震准备以防有危险发生。检测局2018.2.1216点40分通知”@震长提醒:地震系统没有检测局这个单位,目前信息显示这次地震可能为孤立型,原震区发生更大地震可能性不大。转发给更多人!', '', '', '辟谣二:', '', '另今晚8点左右,有人假冒中国地震台网公告,声称2018年02月12日18时31分在河北廊坊市永清县附近发生的4.4级左右地震!【余震】会继续【增强】。预测【震中高峰值】将达到【6.8级左右】!时间预测为【凌晨2点--4点左右】!震源中心附近的居民请紧急疏散!经与权威部门核实,以上内容纯属造谣。目前,公安部门已开始追查谣言的出处。在此,正告在地震发生后的造谣者:看来你是想去看守所里过年了!', '遇到地震传言时请不信谣、不传谣!', '综合:中国地震台网、中国青年网、中新网、@北京铁路、廊坊发布、@人民网']",2018年02月12日 22:36
廊坊4.3级地震岳云鹏四字报平安，秦海璐忙春晚联排后知后觉,新浪网,"['', '', '', '', '岳云鹏4小时前还在微博晒自拍照并配文“去购物，买年味”，在地震发生后也立刻发文“瞬间刷屏”给粉丝们报平安，网友也都留言嘱咐岳云鹏注意安全，建议他去空旷地带呆着。还有网友逗趣问：“刚才晃动的那几下，是不是你在屋里晃悠了？”。据悉，岳云鹏所在的德云社已于4天前封箱，放假后的岳云鹏一直陪伴在老婆孩子身边准备过年，2天前还晒出一张他同搭档孙越的合照。', '', '', '', '', '', '', '同样身处在北京的秦海璐，也在地震发生后发微博问网友：“刚才是地震了吗？”惹来网友吐槽“你才知道？是该打你还是该亲你？”', '', '', '据悉，秦海璐为这届狗年春晚放弃了跟家人团聚时间，近来一直在央视春晚大厅忙着彩排，前些日子一身朴素打扮现身第四次春晚联排。秦海璐百忙中还抽空关心大家安全，网友也都留言嘱咐她本人注意安全，保护好自己也保护好身边家人。']",2018年03月07日 11:59
河北廊坊市永清县发生4.3级地震 震中周边人口密集,新浪网,"['中国地震台网正式测定：02月12日18时31分在河北廊坊市永清县（北纬39.37度，东经116.67度）发生4.3级地震，震源深度20千米，北京有明显震感。', '', '震中周边人口密集，有感范围较大，震中距离北京城区约65公里。据移动人口大数据分析，震中20公里范围内人口数约106万，50公里范围内约1007万，100公里范围内约5741万。', '', '', '', '震中位置周边情况', '本次地震周边5公里内的村庄有辛务村、小站村、左奕村、焦庄村、北刘庄村、东西溜村、西西溜村、北上村、大站村、横亭村，20公里内的乡镇有别古庄镇、韩村镇、调和头乡、仇庄乡、码头镇、曹家务乡、杨税务乡、葛渔城镇、里澜城镇。', '', '震中距安次区15公里、距永清县16公里、距广阳区17公里、距固安县33公里、距霸州市36公里，距廊坊市19公里，距天津市56公里。', '', '根据中国地震台网速报目录，震中周边200公里内近5年来发生3级以上地震共11次，最大地震是2014年9月6日在河北省张家口市涿鹿县发生的4.3级地震（距离本次震中150公里），历史地震分布如图。', '刚刚回到廊坊的环环在家里感到房子上下晃动，穿上衣服就往外走。发现整栋楼的人都出来了。有的人穿着睡衣，有的人抱着小孩，还有的人做到一半饭，拿着菜就跑出来了。', '', '', '', '（张骜/摄）']",2018年02月12日 18:34
河北永清4.3级地震后谣言不断 权威部门辟谣,新浪网,"['根据中国地震台网正式测定，12日18时31分，在河北廊坊市永清县发生4.3级地震，震源深度20千米。此次地震发生后不久，网络上就接连出现有关余震的谣言，对此权威部门一一予以辟谣。', '', '来源：国家地震台网官方微博', '震中周边人口密集 北京有震感', '据国家地震台网官方微博消息，此次地震，震中周边人口密集，有感范围较大。', '震中距离北京城区约65公里、距安次区15公里、距永清县16公里、距广阳区17公里、距固安县33公里、距霸州市36公里，距廊坊市19公里，距天津市56公里。', '河北省廊坊市、北京市、天津市、河北省唐山市、沧州市、承德市、衡水市、保定市等地有不同强度震感。', '据移动人口大数据分析，震中20公里范围内人口数约106万，50公里范围内约1007万，100公里范围内约5741万。', '本次地震周边5公里内的村庄有辛务村、小站村、左奕村、焦庄村、北刘庄村、东西溜村、西西溜村、北上村、大站村、横亭村，20公里内的乡镇有别古庄镇、韩村镇、调和头乡、仇庄乡、码头镇、曹家务乡、杨税务乡、葛渔城镇、里澜城镇。', '专家解读：孤立型地震 影响较小', '记者了解到，震中周边200公里内近5年来发生3级以上地震共11次，最大地震是2014年9月6日在河北省张家口市涿鹿县发生的4.3级地震(距离本次震中150公里)。', '过去五年，河北共发生三级以上地震21次，其中3.0到3.9级16次，4.0到4.9级5次，5.0级以上0次，最大地震是2014年9月6日在河北省张家口市涿鹿县发生的4.3级地震和本次地震。', '对此次地震成因，中国地震台网中心地震预报部主任蒋海昆接受记者采访时表示，历史上，这个地方的地震并不活跃，此次地震是孤立型，和唐山大地震是完全不同的构造体系。后续有同样乃至更大震级地震的可能性不大。', '中国地震台网中心研究员孙士f也分析，因为此次地震构造规模不大，震级较低，预计不会对人们的生活造成太大的影响。', '', '来源：网页截图', '“朋友圈”接连出现余震谣言 权威部门辟谣', '此次地震没过多久，网上有消息称河北省廊坊市永清县9958应急救援队接到通知，2月12日晚11点30分有余震活动。', '随后，河北省廊坊市人民政府新闻办公室官方微博辟谣称，上述消息纯属谣言，公安部门正在追查谣言的源头，请广大群众勿信勿传谣言，以权威发布为准。', '此外，记者注意到，朋友圈还出现了另外一条消息，内容为“检测局紧急通知，因地壳变动今晚津京冀地区，八点到凌晨六点有间接性地震发生，3～5级，请大家做好避震准备以防有危险发生。检测局2018.2.12 16点40分通知”', '随后中国地震台网官方微博立即辟谣，称地震系统没有检测局这个单位，目前信息显示这次地震可能为孤立型，原震区发生更大地震可能性不大。', '中国地震台网官方微博还提醒大家“遇到地震传言时请不信谣、不传谣！”', '中国地震局启动四级地震应急响应', '中国地震局于12日晚决定，根据《中国地震局地震应急预案》，启动四级应急响应。', '此外，中国地震局机关、中国地震应急搜救中心、河北省地震局、北京市地震局、天津市地震局、中国地震台网中心等相关单位立即进入应急状态，做好应急值守、信息汇总、余震监测、地震趋势研判、灾害调查评估、社会稳定等工作。', '河北省廊坊市及周边市(区)、县地震部门迅速派出人员开展灾情调查和现场应急工作，并及时向中国地震局报告。', '另外，中国地震局将视情派出地震现场应急工作队。同时，中国地震局有关直属单位将按《中国地震局地震应急预案》的要求开展相关工作。', '来源：中国新闻网']",2018年02月13日 08:14
昨晚永清县发生4.3级地震，暂无人员伤亡！附地震自救手册,新浪网,"['省委省政府高度重视，省委书记王东峰、省长许勤第一时间提出要求，已部署省政府主管领导及廊坊市领导赶赴现场。', '', '', '【导读】“宁可千日不震，不可一日不防”。人类至今尚未完全认识地震成因及其孕育过程，也还没有找到完善的预报方法。灾难一旦发生，生死存亡就在瞬息之间。所以，日常生活中应当学习、掌握应急避震知识，万一遭遇强震，就能减少自己和家人的生命危险。', '', '地震自救手册，关键时刻能救命！', '', '对于这种自然灾害突然袭来，我们要有对策的来保护自己。以下这些地震自救知识，你一定要知道！', '', 'A、假如你在卧室里', '', '', '千万别钻床底下：地震后房屋倒塌有时会在室内形成三角空间，这些地方是人们得以幸存的相对安全地点，可称其为避震空间，它包括床沿下、坚固家具下、内墙墙根、墙角等开间小的地方。以前人们认为钻到床底下最安全，但床底下能躲不能逃，并非最佳的躲藏之处。', '躲开头上悬挂物：要选择上面没有悬挂物，附近没有电源插头的地方，以防上面的悬挂物落下砸伤及电源线着火引发的次生灾害。', '衣柜绝不允许进去：唐山地震时，有人钻进衣柜躲藏，几天后救援队发现时，人是完好的，但最后憋死了。', '把门打开：躲藏地点离门近点，门最好打开，可以背靠在门框上，手抱头，待地震结束时准备随时转移，为逃生准备活路。', '', 'B、假如你在客厅里', '', '', '把客厅当成转移地带：现代人生活富裕了，宽敞明亮的新式客厅出现后，其功能也在变，成为日常会客、休闲的区域。客厅是四通八达没有堆积物的地方，地震中，应把客厅当成安全的转移地带。', '逃生用具应放在客厅明显处：中国人传统习惯是将逃生用具锁在柜子深处，一旦用时却发挥不了作用。逃生用具应放在客厅明显处，方便各个房间的人拿起就跑。', '', 'C、假如你在卫生间', '', '', '此处最安全：如果地震发生时，你恰好在卫生间，那么恭喜你，你的生存几率要大很多。地震时，尺度越小的房间越安全，尺度越大震动越大越容易倒塌。卫生间的墙多是承重墙，房顶坠落物少，相对更安全。', '水源很重要：守着水源是卫生间的一大优势，唐山地震，有人靠水维持了很长时间。', '人莫扎堆：都知道卫生间最安全，但地震发生时，切莫全家人都一起躲在卫生间，分散躲藏可以增加生存几率。因为，地震时哪里最安全并不确定，只是相对的安全，人员分散躲藏意味着总有人在外面以防万一，可以在震后即时展开救援。', '', 'D、假如你在高楼里', '', '', '远离高层楼的窗户：地震时，高层楼面向马路的那面墙很不稳定，高层楼的窗户更要远离。现在的楼一般都是框架式结构，砖起到的作用是隔风隔雨，但不承重。地震时，常常是框架在，墙没了，如果人躲在窗户下，很容易被甩出去。', '千万不能坐电梯：地震发生时，千万不能使用电梯。一旦断电，上不来下不去就卡在里面出不来了。万一在搭乘电梯时遇到地震，可将操作盘上各楼层的按钮全部按下，一旦停下，迅速离开电梯，确认安全后避难。', '往哪儿跑要看情况：地震发生后，一定要往下跑吗？答案是不一定。尤其是住在高楼层的住户而言，往哪儿跑的原则应该是就近――离地面近就往地面跑，离楼顶近就往楼顶跑，总之，“见天见地”都能够和外界接触，相对更安全。', '确认逃生通道还是过火通道：逃生时，一定要走逃生通道。高楼本身就是拔火罐，现在的高楼在设计时，有的设计了专门的过火通道，是用于疏通火情的，千万要分清楚。', '逃生绳使用分人群：有的家庭备有逃生设备，比如速降绳，使用时一定要在一轮地震波结束后的平静期。提醒您的是，使用速降绳的人一定是经过训练的，速降过程中需要脚的借力支撑，否则跟跳楼没什么区别，只是多了根绳而已。', '', 'E、假如你在矮楼里', '', '', '砖混楼更容易坍塌：在同等条件下进行比较，砖混结构的主要承重材料砖砌体为脆性材料，抗震性能较差，框架结构稍胜之。地震发生后，住在砖混老楼里面的人应更主动地寻找机会，迅速撤离。', '一定要按顺序逃离：2008年在汶川地震现场救援时发现，一些场所楼内的遇难者是在过道、楼梯或者屋门口附近。这表明地震时人们在外逃，但是还来不及到达安全地点就被倒塌的房屋掩埋。地震时，群体逃生时一定要按顺序逃离，前面的人为后面的人逃生留下时间。', '低楼层也不能跳楼：住在一、二层楼，也不要选择跳楼逃生，跳楼不仅会造成骨折，还会被高处坠落的重物砸伤。', '', 'F、假如你在平房里', '', '', '室内坠物最危险：住平房的居民，如地震发生时在室内，应立即躲到炕沿、墙根下、桌子及床下。要尽量利用身边物品，如棉被、枕头等保护住头部。因为平房内空间狭窄，屋内东西多且放置多于高处，地震时很容易造成坠落伤害。', '逃出谨防断电线：若正处在门边、窗边，且窗外无其它危险建筑，可立即逃到院子中间空地上。平房区电线零落，地震时火灾发生率特别高，尤其要防。', '最大的危险是街道：平房胡同内路面狭窄，四处皆是自建房，倒塌的房屋可能把路面覆盖住了，逃生之路并不顺畅，此时能不能逃出去，就看命大不大了。', '最不可取的行为 ：千万不要躲在房梁下，不要躲在窗户边。切忌逃出后又返回取财物。', '', 'G、假如你在学校里', '', '', '课桌就是救命草：正在学校上课时，如果发生地震，要在教师指挥下迅速抱头，躲在各自的课桌下。', '有序撤离远离楼转角：震后要按照平时的逃生训练，在老师安排下有序向教室外面转移。撤离过程中，在楼梯转角处最容易发生踩踏事件，要有序通过。', '操场最安全：在操场或室外时，可原地不动蹲下，双手保护头部，注意避开高大建筑物或危险物。', '', 'H、假如你在汽车里', '', '', '千万别躲在车里：汽车看起来很结实，但其实只是薄薄的一层，不堪一击。发生大地震时，如果你在驾车，汽车会像轮胎泄了气似的，无法把握方向盘，难以驾驶。此时应避开十字路口将车子靠路边停下，然后立即下车抱头蹲在车边。', '抓牢扶手，降低重心：如果地震时你正坐在行驶的电（汽）车内，那么只好就地取材，抓牢扶手，降低重心，躲在座位附近。', '', 'I、假如你在公共场所', '', '', '千万不要慌乱涌向出口：能否逃离，一切取决于有没有良好的制度保障。震后，公共场所一面漆黑，惊恐的嚎叫声四处而起。千万不要慌乱涌向出口，避开人流的拥挤，避免被挤到墙或栅栏处。', '躲在近处的大柱子旁边：与其乱冲乱撞，不如就地蹲下或趴在排椅下，避开吊灯、电扇等悬挂物，保护好头部。在商场、书店、展览馆、地铁等处应选择结实的柜台或柱子边以及内墙角等处就地蹲下。', '这些地方要远离：远离玻璃橱窗、门窗或玻璃柜台。避开高大不稳或摆放重物、易碎品的货架。避开广告牌、吊灯等悬挂物。', '', 'J、假如你在户外', '', '', '就近选择开阔地：立即蹲下或趴下，以免摔倒；不要乱跑，避开人多的地方。', '避开高大建筑物：要躲开建筑物，特别是有玻璃幕墙的高大建筑；不要停留在过街天桥、立交桥的上面和下方。', '避开危险物、高耸物或悬挂物：要注意躲开广告牌、街灯、物料堆放处；要避开变压器、电线杆、路灯等；还应该注意自动售货机翻倒伤人。', '避开其它危险场所：避开狭窄的街道，危旧房屋、围墙，女儿墙、高门脸、雨篷下等处，还要注意避开高压线和下水道。', '要保护好头部：在繁华街、楼区，最危险的是玻璃窗、广告牌等物掉落下来砸伤人，要注意用手或手提包等物保护好头部。', '', 'K、假如你在海边', '', '', '越高越好、越远越好：在海岸边，有遭遇海啸的危险。感知地震或听到海啸警报的话，要尽快向远离海岸线的地方转移，以避免地震可能产生的海啸的袭击，往高处跑，越高越好。如果海啸时你在船上，那么就随船往深海走，因为海啸是越边上越危险。总之，要么往高处，要么往远处。', '', '', '', '', '', '', '', '', '', '廊坊都市报', '综合网络，如有侵权联系删除。']",2018年03月25日 09:28
廊坊永清县发生4.3级地震,北京晨报,"['', '“是地震了吗？感觉到楼震了一下！”“地震了，刚才窗户晃悠了。”“我躺在沙发上呢，感觉对面的柜子左右晃动了几下，我赶紧起来了！”昨天18点半左右，不少北京市民发朋友圈称，感觉到明显的震感。随后，中国地震台网中心证实，河北廊坊市永清县发生4.3级地震，震中距离北京城区65公里，本市多区居民有震感。', '时间：2月12日18时31分', '震级：4.3级', '震中：北纬39.4度\xa0东经116.7度', '震源深度：20公里', '距离北京城区:65公里', '震中距离北京城区65公里', '据中国地震台网中心发布的正式测定信息，2月12日18时31分，河北廊坊市永清县（北纬39.4度、东经116.7度）发生4.3级地震，震源深度20公里。', '据中国地震局“河北永清4.3级地震”情况通报会消息，地震发生后，截至昨天21时20分，记录到0级以上余震24次，最大余震1.8级。', '中国地震台网中心官方微博称，震中周边人口密集，有感范围大，震中距离北京城区65公里，震中100公里范围内约有移动人口5741万。据了解，北京市，天津市，河北省廊坊市、唐山市、沧州市、承德市、衡水市、保定市等地有不同强度震感。', '发生更大地震的可能性不大', '震情发生后，河北省委省政府高度重视，省委书记王东峰、省长许勤第一时间作出指示，部署省政府主管领导及廊坊市领导赶赴现场。廊坊市委、市政府，永清县委、县政府立即启动应急响应，市、县主要领导和相关领导立刻赶赴震中区域，了解、指导抗震工作。县政府同步下发紧急通知，对全县震情进行全面排查，重点排查敬老院、五保户等弱势群体，以及农村危旧房屋情况。经排查，截至昨天21时，全县无人员伤亡及财产损失。', '据中国地震台网中心与河北、北京、天津三省（市）地震局联合会商，认为本次地震为孤立型地震可能性较大，发生更大地震的可能性不大。', '■专家说法', '首都圈地震活动频次较少', '中国地震台网中心研究员孙士\xa0\xa0告诉北京晨报记者，首都圈地质运动相对稳定，发生地震的次数相对较少。1996年12月16日，顺义曾发生了一次4级地震；2006年7月4日，河北沧州文安县发生了一次5.1级地震，北京有震感。孙士\xa0\xa0指出，距离文安县的5.1级地震已有11年多，首都圈的地震活动频次较少，活动水平较低。', '中国地震台网中心研究员周龙泉表示，一次地震之后发生余震很正常，目前看本次地震为孤立型，原震区发生更大地震的可能性不大。']",2018年02月13日 00:24
廊坊永清县发生4.3级地震，电网无恙供电一切正常,新浪网,"['中国地震台网正式测定：2月12日18时31分，在河北廊坊市永清县（北纬39.37度，东经116.67度）发生4.3级地震，震源深度20千米。', '', '国网冀北电力公司第一时间启动应急响应。', '', '该公司领导第一时间全面进行部署，各级负责人到岗到位，调度系统迅速了解电网情况，掌握第一手资料；运维系统立即安排输电、变电、配电等专业对电网设备开展特巡，排查震后设备受损情况，特别是永清县及周围区域的电网设备；营销系统主动联系辖区高危及重要客户的用电情况，尤其是永清县境内高危石化行业客户，一旦客户需要，可马上提供电力保障服务。', '', '随后，该公司组织各单位员工对特殊地段输电线路进行巡视检查，排查杆塔和线路隐患；对可能发生异常的主配网开关、刀闸故障提前进行了防范；认真开展了变电站设备保温、密封、驱潮、加热等装置运行状况的全面检查，发现异常及时消除。', '', '在河北廊坊市，廊坊供电公司第一时间启动保电应急预案，安排永清县供电分公司应急抢修人员、各供电所和生产岗位人员进入备战状态，实施24小时值班制度，时刻准备应对有可能发生的各类突发事故，确保电网输变电设备始终处于良好的运行状态。', '', '截至目前，永清县电网运行安全稳定，线路未发生跳闸情况，全县供电正常。', '（来源：国网冀北电力）', '（赵淑伟李春宏高春明）']",2018年02月12日 23:55
河北永清4.3级地震后谣言不断 权威部门连续辟谣,新浪网,"['', '来源：国家地震台网官方微博', '震中周边人口密集 北京有震感', '据国家地震台网官方微博消息，此次地震，震中周边人口密集，有感范围较大。', '震中距离北京城区约65公里、距安次区15公里、距永清县16公里、距广阳区17公里、距固安县33公里、距霸州市36公里，距廊坊市19公里，距天津市56公里。', '河北省廊坊市、北京市、天津市、河北省唐山市、沧州市、承德市、衡水市、保定市等地有不同强度震感。', '据移动人口大数据分析，震中20公里范围内人口数约106万，50公里范围内约1007万，100公里范围内约5741万。', '本次地震周边5公里内的村庄有辛务村、小站村、左奕村、焦庄村、北刘庄村、东西溜村、西西溜村、北上村、大站村、横亭村，20公里内的乡镇有别古庄镇、韩村镇、调和头乡、仇庄乡、码头镇、曹家务乡、杨税务乡、葛渔城镇、里澜城镇。', '专家解读：孤立型地震 影响较小', '记者了解到，震中周边200公里内近5年来发生3级以上地震共11次，最大地震是2014年9月6日在河北省张家口市涿鹿县发生的4.3级地震(距离本次震中150公里)。', '过去五年，河北共发生三级以上地震21次，其中3.0到3.9级16次，4.0到4.9级5次，5.0级以上0次，最大地震是2014年9月6日在河北省张家口市涿鹿县发生的4.3级地震和本次地震。', '对此次地震成因，中国地震台网中心地震预报部主任蒋海昆接受中新网记者采访时表示，历史上，这个地方的地震并不活跃，此次地震是孤立型，和唐山大地震是完全不同的构造体系。后续有同样乃至更大震级地震的可能性不大。', '中国地震台网中心研究员孙士f也分析，因为此次地震构造规模不大，震级较低，预计不会对人们的生活造成太大的影响。', '', '来源：网页截图', '“朋友圈”接连出现余震谣言 权威部门辟谣', '此次地震没过多久，网上有消息称河北省廊坊市永清县9958应急救援队接到通知，今晚11点30分有余震活动。', '随后，河北省廊坊市人民政府新闻办公室官方微博辟谣称，上述消息纯属谣言，公安部门正在追查谣言的源头，请广大群众勿信勿传谣言，以权威发布为准。', '此外，记者注意到，朋友圈还出现了另外一条消息，内容为“检测局紧急通知，因地壳变动今晚津京冀地区，八点到凌晨六点有间接性地震发生，3～5级，请大家做好避震准备以防有危险发生。检测局2018.2.12 16点40分通知”', '随后中国地震台网官方微博立即辟谣，称地震系统没有检测局这个单位，目前信息显示这次地震可能为孤立型，原震区发生更大地震可能性不大。', '中国地震台网官方微博还提醒大家“遇到地震传言时请不信谣、不传谣！”', '中国地震局启动四级地震应急响应', '中国地震局于12日晚决定，根据《中国地震局地震应急预案》，启动四级应急响应。', '此外，中国地震局机关、中国地震应急搜救中心、河北省地震局、北京市地震局、天津市地震局、中国地震台网中心等相关单位立即进入应急状态，做好应急值守、信息汇总、余震监测、地震趋势研判、灾害调查评估、社会稳定等工作。', '河北省廊坊市及周边市(区)、县地震部门迅速派出人员开展灾情调查和现场应急工作，并及时向中国地震局报告。', '另外，中国地震局将视情派出地震现场应急工作队。同时，中国地震局有关直属单位将按《中国地震局地震应急预案》的要求开展相关工作。(完)']",2018年02月12日 21:20
河北廊坊发生4.3级地震 京津冀均有震感,新浪网,"['部分市民在震后走到街头\u3000宋敏涛\u3000摄', '中新网廊坊2月12日电 (记者 宋敏涛 李茜)12日18时31分，河北廊坊市永清县发生4.3级地震，京津冀均有震感。河北省地震局已启动三级地震应急响应。', '中国地震台网正式测定：2月12日18时31分在河北廊坊市永清县(北纬39.37度，东经116.67度)发生4.3级地震，震源深度20千米。', '', '震后当地通讯正常 宋敏涛 摄', '当晚6时50分许，中新网记者在廊坊市区看到，一些感觉到震感的市民走上街头，但秩序井然，且通讯正常。', '廊坊市民周鹏飞说，此次地震震感明显，他感觉到上下、左右晃动，随后跟家人赶到户外并等待官方进一步消息。“还好今天气温回升，不是很冷，跟家人在一起也不觉得紧张。”', '', '廊坊街头秩序井然 宋敏涛 摄', '北京市民侯勇说，此次震感明显，以为北京地区地震了，没想到在河北。他的朋友开始在微信朋友圈分享有关内容。', '微博上，一些网友表示，河北唐山、承德等地以及天津地区有明显震感。', '河北省地震局表示，该部门已启动三级地震应急响，并派出相关人员赶赴一线，具体现场情况随后发布。(完)']",2018年02月12日 19:40
河北廊坊发生4.3级地震 为何北京会有明显震感？,新京报,"['原标题：河北廊坊永清发生4.3级地震 首都圈5级地震可能性较小', '根据中国地震台网正式测定，2月12日18时31分在河北廊坊市永清县（北纬39.37度，东经116.67度）发生4.3级地震。', '中国地震台网中心介绍，此次地震可能为孤立型，原震区发生更大地震可能性不大。另外，首都圈发生5级以上地震可能性不大。', '此次为孤立型地震', '根据中国地震台网正式测定，此次发生的4.3级地震，震源深度20千米。截至12日20时，共记录到0级以上余震11次，最大余震1.8级。', '地震后，多条关于此次地震的虚假消息在网上传播。其中一条提到，“余震会继续增强，预测震中高峰值将达到6.8级左右，时间预测为凌晨两点至4点，希望震源中心附近的居民紧急疏散”。', '对此，北京市地震局官方微博均进行辟谣，并称本次地震周边曾发生过的立式地震类型大多为孤立型地震，这次地震为孤立型的可能性较大。', '另据廊坊市政府新闻办公室官方微博，网传“永清县9958应急救援队接到通知，今晚11点30分有余震活动”的消息纯属谣言，公安部门正在追查谣言源头，请广大群众勿信勿传谣言，以政府官方发布消息为准。', '探员从中国地震台网中心也了解到，经过分析判定，这次地震为孤立型，原震区发生更大地震可能性不大。此外，首都圈发生5级以上地震可能性不大。', '据介绍，孤立型地震是指前震、余震都很稀少且与主震震级相差非常大的地震序列，整个序列的地震能量基本上通过主震一次释放出来。', '暂未收到伤亡报告', '12日晚，重案组37号从永清县政府办获悉，当地暂未收到伤亡、灾情报告。永清县政府办一位工作人员介绍，由于地震发生时间较短，他们正抓紧了解、统计各乡镇情况，暂未收到伤亡、灾情报告。据中国地震台网消息，地震周边5公里内村庄有辛务村、小站村、左奕村、焦庄村、北刘庄村、东西溜村、西西溜村、北上村、大站村、横亭村；20公里内乡镇有别古庄镇、韩村镇、调和头乡、仇庄乡、码头镇、曹家务乡、杨税务乡、葛渔城镇、里澜城镇。永清县政府办工作人员表示，县地震局工作人员正赶赴现场了解情况。', '此外，当地正对全县震情进行全面排查，重点排查敬老院、五保户等弱势群体，以及农村危旧房屋情况。经排查，截至12日21时，全县无人员伤亡及财产损失。', '北京有明显震感18时31分左右，在北京上班的小赵（化名）微信群分别被同一条消息引爆，“感觉好晃”、“是不是地震了”等。与此同时，正在刘家窑附近的他也感觉到整个楼晃动，并起身准备离开。朋友圈也涌进数十条消息，不同坐标的市民纷纷分享感受，有人甚至跑到了楼下。根据北京市地震局官方微博介绍，北京地区受地震影响，仪器记录烈度最大为4度，地点为通州区于家务乡，其他地区大部分为2到3度。监测仪器记录震感与市民反馈基本一致。此外，据市地震局介绍，北京市所有行政区均有明显震感，但晃动持续时间短，仅2秒左右。北京市地震局已派出2组现场工作队前往震中，核实震情。根据目前监测数据结果分析，没有发现地震异常情况。', '释疑', '为何北京有明显震感？', '此次地震发生在河北廊坊市永清县，为何北京市民有明显震感？中国地震台网中心研究员孙士宏解释，地震的破坏程度与烈度有关，能够反映地震发生后，地表的破坏程度。烈度越高，破坏力越大。根据中国地震台网发布的消息，震中周边人口密集，有感范围较大，震中距离北京城区约65公里。此外，据市地震局消息，此次地震中，北京地区仪器记录烈度最大为4度，地点为通州区于家务乡，其他地区大部分为2到3度。中国地震台网中心研究员孙士宏解释，如果烈度为3到4度，室内多数人会有感觉，室外的感觉较小。同时，地震有感范围大小也与震源深度有关。“此次地震震源深度20公里，地震波传播更广，外围的有感范围更大一些”。此外，如果市民在高楼内，高层也一定程度会放大这种震感。', '影响', '京沪高铁、京沪、京九线短时停运巡检12日21点03分，探员从中国铁路北京局集团获悉，受廊坊地震影响的京沪高铁、京沪、京九线恢复正常运行。据统计，由于正值春运期间，受廊坊地震影响的列车数量众多，至少包括K285、T124、T231、Z9、Z17、Z51、Z65、Z67、Z71、Z107、Z133、G18、G333、G1567、G4961、G509等多趟。', '部分旅客反映，因线路检修而导致的列车紧急停靠时间长达2小时以上，短则数分钟。北京铁路官方微博发布消息称，“地震后，为确保旅客列车安全，中国铁路北京局集团立即启动应急预案，停扣途径京沪高铁、京沪和京九线通过该区段的上下线行旅客列车，正组织人员对线路进行巡检，导致部分旅客列车晚点。”', '点击进入专题', '']",2018年02月13日 00:04
河北永清4.3级地震后谣言不断 权威部门连续辟谣,新浪网,"['', '来源：国家地震台网官方微博', '震中周边人口密集 北京有震感', '据国家地震台网官方微博消息，此次地震，震中周边人口密集，有感范围较大。', '震中距离北京城区约65公里、距安次区15公里、距永清县16公里、距广阳区17公里、距固安县33公里、距霸州市36公里，距廊坊市19公里，距天津市56公里。', '河北省廊坊市、北京市、天津市、河北省唐山市、沧州市、承德市、衡水市、保定市等地有不同强度震感。', '据移动人口大数据分析，震中20公里范围内人口数约106万，50公里范围内约1007万，100公里范围内约5741万。', '本次地震周边5公里内的村庄有辛务村、小站村、左奕村、焦庄村、北刘庄村、东西溜村、西西溜村、北上村、大站村、横亭村，20公里内的乡镇有别古庄镇、韩村镇、调和头乡、仇庄乡、码头镇、曹家务乡、杨税务乡、葛渔城镇、里澜城镇。', '专家解读：孤立型地震影响较小', '记者了解到，震中周边200公里内近5年来发生3级以上地震共11次，最大地震是2014年9月6日在河北省张家口市涿鹿县发生的4.3级地震(距离本次震中150公里)。', '过去五年，河北共发生三级以上地震21次，其中3.0到3.9级16次，4.0到4.9级5次，5.0级以上0次，最大地震是2014年9月6日在河北省张家口市涿鹿县发生的4.3级地震和本次地震。', '对此次地震成因，中国地震台网中心地震预报部主任蒋海昆接受中新网记者采访时表示，历史上，这个地方的地震并不活跃，此次地震是孤立型，和唐山大地震是完全不同的构造体系。后续有同样乃至更大震级地震的可能性不大。', '中国地震台网中心研究员孙士f也分析，因为此次地震构造规模不大，震级较低，预计不会对人们的生活造成太大的影响。', '', '来源：网页截图', '“朋友圈”接连出现余震谣言权威部门辟谣', '此次地震没过多久，网上有消息称河北省廊坊市永清县9958应急救援队接到通知，今晚11点30分有余震活动。', '随后，河北省廊坊市人民政府新闻办公室官方微博辟谣称，上述消息纯属谣言，公安部门正在追查谣言的源头，请广大群众勿信勿传谣言，以权威发布为准。', '此外，记者注意到，朋友圈还出现了另外一条消息，内容为“检测局紧急通知，因地壳变动今晚津京冀地区，八点到凌晨六点有间接性地震发生，3～5级，请大家做好避震准备以防有危险发生。检测局2018.2.12 16点40分通知”', '随后中国地震台网官方微博立即辟谣，称地震系统没有检测局这个单位，目前信息显示这次地震可能为孤立型，原震区发生更大地震可能性不大。', '中国地震台网官方微博还提醒大家“遇到地震传言时请不信谣、不传谣！”', '中国地震局启动四级地震应急响应', '中国地震局于12日晚决定，根据《中国地震局地震应急预案》，启动四级应急响应。', '此外，中国地震局机关、中国地震应急搜救中心、河北省地震局、北京市地震局、天津市地震局、中国地震台网中心等相关单位立即进入应急状态，做好应急值守、信息汇总、余震监测、地震趋势研判、灾害调查评估、社会稳定等工作。', '河北省廊坊市及周边市(区)、县地震部门迅速派出人员开展灾情调查和现场应急工作，并及时向中国地震局报告。', '另外，中国地震局将视情派出地震现场应急工作队。同时，中国地震局有关直属单位将按《中国地震局地震应急预案》的要求开展相关工作。(完)']",2018年02月12日 21:51
廊坊永清县发生4.3级地震 专家：发生更大地震的可能性不大,新浪网,"['“是地震了吗？感觉到楼震了一下！”“地震了，刚才窗户晃悠了。”“我躺在沙发上呢，感觉对面的柜子左右晃动了几下，我赶紧起来了！”昨天18点半左右，不少北京市民发朋友圈称，感觉到明显的震感。随后，中国地震台网中心证实，河北廊坊市永清县发生4.3级地震，震中距离北京城区65公里，本市多区居民有震感。', '', '时间：2月12日18时31分', '震级：4.3级', '震中：北纬39.4度\xa0东经116.7度', '震源深度：20公里', '距离北京城区:65公里', '震中距离北京城区65公里', '据中国地震台网中心发布的正式测定信息，2月12日18时31分，河北廊坊市永清县（北纬39.4度、东经116.7度）发生4.3级地震，震源深度20公里。', '据中国地震局“河北永清4.3级地震”情况通报会消息，地震发生后，截至昨天21时20分，记录到0级以上余震24次，最大余震1.8级。', '中国地震台网中心官方微博称，震中周边人口密集，有感范围大，震中距离北京城区65公里，震中100公里范围内约有移动人口5741万。据了解，北京市，天津市，河北省廊坊市、唐山市、沧州市、承德市、衡水市、保定市等地有不同强度震感。', '发生更大地震的可能性不大', '震情发生后，河北省委省政府高度重视，省委书记王东峰、省长许勤第一时间作出指示，部署省政府主管领导及廊坊市领导赶赴现场。廊坊市委、市政府，永清县委、县政府立即启动应急响应，市、县主要领导和相关领导立刻赶赴震中区域，了解、指导抗震工作。县政府同步下发紧急通知，对全县震情进行全面排查，重点排查敬老院、五保户等弱势群体，以及农村危旧房屋情况。经排查，截至昨天21时，全县无人员伤亡及财产损失。', '据中国地震台网中心与河北、北京、天津三省（市）地震局联合会商，认为本次地震为孤立型地震可能性较大，发生更大地震的可能性不大。', '■专家说法', '首都圈地震活动频次较少', '中国地震台网中心研究员孙士\xa0\xa0告诉北京晨报记者，首都圈地质运动相对稳定，发生地震的次数相对较少。1996年12月16日，顺义曾发生了一次4级地震；2006年7月4日，河北沧州文安县发生了一次5.1级地震，北京有震感。孙士\xa0\xa0指出，距离文安县的5.1级地震已有11年多，首都圈的地震活动频次较少，活动水平较低。', '中国地震台网中心研究员周龙泉表示，一次地震之后发生余震很正常，目前看本次地震为孤立型，原震区发生更大地震的可能性不大。', '此外，中国地震台网中心副主任刘桂萍解释称，这次地震应该说是一次中等地震，震中的震感会强烈一些。由于深度比较深，所以震感范围比较大，北京一些区域也有轻微震感，但这样的地震不会发生大的破坏。']",2018年02月13日 00:38
视频｜廊坊发生4.3级地震 京津冀震感明显,新浪网,"['', '中国地震台网正式测定：2月12日18时31分在河北廊坊市永清县(北纬39.37度，东经116.67度)发生4.3级地震，震源深度20千米。', '', '当晚6时50分许，在廊坊市区可以看到一些感觉到震感的市民走上街头，但秩序井然，且通讯正常。', '', '', '微博上，一些网友表示，河北唐山、承德等地以及天津地区有明显震感。河北省地震局表示，该部门已启动三级地震应急响，并派出相关人员赶赴一线，具体现场情况随后发布。', '（编辑：祝闻豪）']",2018年02月12日 21:38
河北廊坊官方：永清目前无人员伤亡及财产损失,新浪网,"['据悉，震情发生后，廊坊市委、市政府，永清县委、县政府高度重视，立即启动应急响应，市、县主要领导和相关领导立刻赶赴震中区域，了解、指导抗震工作。县政府同步下发紧急通知，对全县震情进行全面排查，重点排查敬老院、五保户等弱势群体，以及农村危旧房屋情况。经排查，截至2月12日21时，全县无人员伤亡及财产损失。', '12日18时31分，经中国地震台测定，永清县发生4.3级地震，震源深度20千米。震中心位于北纬39.38度，东经116.66度，地震周边5公里内村庄有小站村、辛务村、左奕村、焦庄村、北刘庄村、东西溜村、西西溜村、北上村、大站村、横亭村等10个村庄。', '据中国地震台网官方微博发布称，此次地震属于孤立性，基本不会有更大震级的地震。另据廊坊市人民政府新闻办公室官方微博“廊坊发布”公布消息，目前网传“永清县9958应急救援队接到通知，今晚11点30分有余震活动”的消息纯属谣言，公安部门正在追查谣言的源头，请广大群众勿信勿传谣言，以政府官方发布消息为准。后续消息，持续发布。(完)', '中新网廊坊2月12日电 (记者 宋敏涛)河北省廊坊市人民政府新闻办12日透露，当晚永清县发生4.3级地震，经排查，截至2月12日21时，全县无人员伤亡及财产损失。', '据悉，震情发生后，廊坊市委、市政府，永清县委、县政府高度重视，立即启动应急响应，市、县主要领导和相关领导立刻赶赴震中区域，了解、指导抗震工作。县政府同步下发紧急通知，对全县震情进行全面排查，重点排查敬老院、五保户等弱势群体，以及农村危旧房屋情况。经排查，截至2月12日21时，全县无人员伤亡及财产损失。', '12日18时31分，经中国地震台测定，永清县发生4.3级地震，震源深度20千米。震中心位于北纬39.38度，东经116.66度，地震周边5公里内村庄有小站村、辛务村、左奕村、焦庄村、北刘庄村、东西溜村、西西溜村、北上村、大站村、横亭村等10个村庄。', '据中国地震台网官方微博发布称，此次地震属于孤立性，基本不会有更大震级的地震。另据廊坊市人民政府新闻办公室官方微博“廊坊发布”公布消息，目前网传“永清县9958应急救援队接到通知，今晚11点30分有余震活动”的消息纯属谣言，公安部门正在追查谣言的源头，请广大群众勿信勿传谣言，以政府官方发布消息为准。后续消息，持续发布。(完)']",2018年02月13日 09:02
别慌！河北永清4.3级地震后谣言不断，权威部门连续辟谣,中国新闻社,"['来源：中国新闻网', '根据中国地震台网正式测定，12日18时31分，在河北廊坊市永清县发生4.3级地震，震源深度20千米。此次地震发生后不久，网络上就接连出现有关余震的谣言，对此权威部门一一予以辟谣。', '', '来源：国家地震台网官方微博', '震中周边人口密集 北京有震感', '据国家地震台网官方微博消息，此次地震，震中周边人口密集，有感范围较大。', '震中距离北京城区约65公里、距安次区15公里、距永清县16公里、距广阳区17公里、距固安县33公里、距霸州市36公里，距廊坊市19公里，距天津市56公里。', '河北省廊坊市、北京市、天津市、河北省唐山市、沧州市、承德市、衡水市、保定市等地有不同强度震感。', '据移动人口大数据分析，震中20公里范围内人口数约106万，50公里范围内约1007万，100公里范围内约5741万。', '本次地震周边5公里内的村庄有辛务村、小站村、左奕村、焦庄村、北刘庄村、东西溜村、西西溜村、北上村、大站村、横亭村，20公里内的乡镇有别古庄镇、韩村镇、调和头乡、仇庄乡、码头镇、曹家务乡、杨税务乡、葛渔城镇、里澜城镇。', '专家解读：孤立型地震 影响较小', '记者了解到，震中周边200公里内近5年来发生3级以上地震共11次，最大地震是2014年9月6日在河北省张家口市涿鹿县发生的4.3级地震(距离本次震中150公里)。', '过去五年，河北共发生三级以上地震21次，其中3.0到3.9级16次，4.0到4.9级5次，5.0级以上0次，最大地震是2014年9月6日在河北省张家口市涿鹿县发生的4.3级地震和本次地震。', '对此次地震成因，中国地震台网中心地震预报部主任蒋海昆接受中新网记者采访时表示，历史上，这个地方的地震并不活跃，此次地震是孤立型，和唐山大地震是完全不同的构造体系。后续有同样乃至更大震级地震的可能性不大。', '中国地震台网中心研究员孙士f也分析，因为此次地震构造规模不大，震级较低，预计不会对人们的生活造成太大的影响。', '', '来源：网页截图', '“朋友圈”接连出现余震谣言 权威部门辟谣', '此次地震没过多久，网上有消息称河北省廊坊市永清县9958应急救援队接到通知，今晚11点30分有余震活动。', '随后，河北省廊坊市人民政府新闻办公室官方微博辟谣称，上述消息纯属谣言，公安部门正在追查谣言的源头，请广大群众勿信勿传谣言，以权威发布为准。', '此外，记者注意到，朋友圈还出现了另外一条消息，内容为“检测局紧急通知，因地壳变动今晚津京冀地区，八点到凌晨六点有间接性地震发生，3～5级，请大家做好避震准备以防有危险发生。检测局2018.2.12 16点40分通知”。', '随后中国地震台网官方微博立即辟谣，称地震系统没有检测局这个单位，目前信息显示这次地震可能为孤立型，原震区发生更大地震可能性不大。', '中国地震台网官方微博提醒大家：', '遇到地震传言时请', '不信谣、不传谣！', '中国地震局启动四级地震应急响应', '中国地震局于12日晚决定，根据《中国地震局地震应急预案》，启动四级应急响应。', '此外，中国地震局机关、中国地震应急搜救中心、河北省地震局、北京市地震局、天津市地震局、中国地震台网中心等相关单位立即进入应急状态，做好应急值守、信息汇总、余震监测、地震趋势研判、灾害调查评估、社会稳定等工作。', '河北省廊坊市及周边市(区)、县地震部门迅速派出人员开展灾情调查和现场应急工作，并及时向中国地震局报告。', '另外，中国地震局将视情派出地震现场应急工作队。同时，中国地震局有关直属单位将按《中国地震局地震应急预案》的要求开展相关工作。', '原标题：《河北永清4.3级地震后谣言不断 权威部门连续辟谣》', '编辑：梁静', '责编：杨维思']",2018年02月13日 12:05
《偶像练习生》前60名路透已出，廊坊地震，练习生纷纷冲出教室,新浪网,"['', '图片来源八组', '', '', '刚刚廊坊发生了4.3级地震，追星女孩儿赶紧担心起了自家的的男友、哥哥弟弟、儿子，大舅大姐和妹妹，据说震感强烈，当时大家正在练习室，导演一喊，一群穿着各色卫衣的男孩冲出了教室，站在前坪瑟瑟发抖，既搞笑又可怜。希望让孩子们过个好年，准备好postion表演，来闪瞎制作人们的火眼金睛。', '', '', '', '大年初二录制完，孩子们就要去首尔了。虽然很不懂节目组的脑回路，但还是希望玩儿的开心。最后，放上《偶像练习生》中一直强调自己并不可爱的，朱正廷同学。新造型大家可以期待一下了。之前写了两次蔡徐坤后援会的问题，蔡徐坤粉丝团官微这个是现在粉丝觉得最靠谱的后援会，但是之前那个全球粉丝后援会还在活动。', '', '', '']",2018年02月17日 12:06
河北永清发生发生4.3级地震 震中周边人口密集,新浪网,"['中新网2月12日电 中国地震台网正式测定：2月12日18时31分在河北廊坊市永清县(北纬39.37度，东经116.67度)发生4.3级地震，震源深度20千米。', '据国家地震台网官方微博消息，震中周边人口密集，有感范围较大，震中距离北京城区约65公里。据移动人口大数据分析，震中20公里范围内人口数约106万，50公里范围内约1007万，100公里范围内约5741万。', '', '本次地震周边5公里内的村庄有辛务村、小站村、左奕村、焦庄村、北刘庄村、东西溜村、西西溜村、北上村、大站村、横亭村，20公里内的乡镇有别古庄镇、韩村镇、调和头乡、仇庄乡、码头镇、曹家务乡、杨税务乡、葛渔城镇、里澜城镇。', '震中距安次区15公里、距永清县16公里、距广阳区17公里、距固安县33公里、距霸州市36公里，距廊坊市19公里，距天津市56公里。', '震中周边200公里内近5年来发生3级以上地震共11次，最大地震是2014年9月6日在河北省张家口市涿鹿县发生的4.3级地震(距离本次震中150公里)。']",2018年02月12日 23:03
河北永清发生发生4.3级地震 震中周边人口密集,新浪网,"['中新网2月12日电 中国地震台网正式测定：2月12日18时31分在河北廊坊市永清县(北纬39.37度，东经116.67度)发生4.3级地震，震源深度20千米。', '据国家地震台网官方微博消息，震中周边人口密集，有感范围较大，震中距离北京城区约65公里。据移动人口大数据分析，震中20公里范围内人口数约106万，50公里范围内约1007万，100公里范围内约5741万。', '', '本次地震周边5公里内的村庄有辛务村、小站村、左奕村、焦庄村、北刘庄村、东西溜村、西西溜村、北上村、大站村、横亭村，20公里内的乡镇有别古庄镇、韩村镇、调和头乡、仇庄乡、码头镇、曹家务乡、杨税务乡、葛渔城镇、里澜城镇。', '震中距安次区15公里、距永清县16公里、距广阳区17公里、距固安县33公里、距霸州市36公里，距廊坊市19公里，距天津市56公里。', '震中周边200公里内近5年来发生3级以上地震共11次，最大地震是2014年9月6日在河北省张家口市涿鹿县发生的4.3级地震(距离本次震中150公里)。']",2018年02月18日 22:05
《偶像练习生》前60名路透已出，廊坊地震，练习生纷纷冲出教室,新浪网,"['', '图片来源八组', '', '', '刚刚廊坊发生了4.3级地震，追星女孩儿赶紧担心起了自家的的男友、哥哥弟弟、儿子，大舅大姐和妹妹，据说震感强烈，当时大家正在练习室，导演一喊，一群穿着各色卫衣的男孩冲出了教室，站在前坪瑟瑟发抖，既搞笑又可怜。希望让孩子们过个好年，准备好postion表演，来闪瞎制作人们的火眼金睛。', '', '', '', '大年初二录制完，孩子们就要去首尔了。虽然很不懂节目组的脑回路，但还是希望玩儿的开心。最后，放上《偶像练习生》中一直强调自己并不可爱的，朱正廷同学。新造型大家可以期待一下了。之前写了两次蔡徐坤后援会的问题，蔡徐坤粉丝团官微这个是现在粉丝觉得最靠谱的后援会，但是之前那个全球粉丝后援会还在活动。', '', '', '']",2018年02月21日 10:26
永清4.3级地震通报会：记录到24次余震 最大余震1.8级,新浪网,"['', '图片来源：国家地震台网官方微博', '附：媒体通报会内容', '媒体朋友们，大家好！现在通报关于河北永清4.3地震的最新消息：北京时间2018年2月12日18时31分，在河北永清县(北纬39.37度，东经116.67度)发生4.3级地震，震源深度20km。', '地震发生后，根据《中国地震局地震应急预案》，启动四级应急响应。中国地震局机关、中国地震应急搜救中心、河北省地震局、北京市地震局、天津市地震局、中国地震台网中心等相关单位立即进入应急状态。河北省廊坊市及周边市(区)、县地震部门迅速派出人员开展灾情调查和现场应急工作，并及时向中国地震局报告。', '与此同时，中国地震台网中心与北京局、天津局、河北局等单位的专家利用视频会商系统组织了紧急会商，研究了该地区地震活动特点。', '河北永清4.3级地震发生后，截至21时20分，记录到24次余震，最大余震1.8级。', '1900年以来，震中区50km范围内未记录到5级以上地震，距离最近的5级地震为2006年7月4日河北文安5.1级地震，距本次地震约60km。1970年以来，震中区50km范围内的地震均为孤立型，就是余震的震级显著低于主震震级。', '会商认为，该地震为孤立型地震的可能性很大，河北永清4.3级地震原震区发生更大地震的可能不大。', '有关此次地震情况，请关注中国地震局门户网站、中国地震台网中心门户网站、中国地震台网速报微博。']",2018年02月12日 23:55
永清4.3级地震通报会：记录到24次余震 最大余震1.8级,新浪网,"['', '图片来源：国家地震台网官方微博', '附：媒体通报会内容', '媒体朋友们，大家好！现在通报关于河北永清4.3地震的最新消息：北京时间2018年2月12日18时31分，在河北永清县(北纬39.37度，东经116.67度)发生4.3级地震，震源深度20km。', '地震发生后，根据《中国地震局地震应急预案》，启动四级应急响应。中国地震局机关、中国地震应急搜救中心、河北省地震局、北京市地震局、天津市地震局、中国地震台网中心等相关单位立即进入应急状态。河北省廊坊市及周边市(区)、县地震部门迅速派出人员开展灾情调查和现场应急工作，并及时向中国地震局报告。', '与此同时，中国地震台网中心与北京局、天津局、河北局等单位的专家利用视频会商系统组织了紧急会商，研究了该地区地震活动特点。', '河北永清4.3级地震发生后，截至21时20分，记录到24次余震，最大余震1.8级。', '1900年以来，震中区50km范围内未记录到5级以上地震，距离最近的5级地震为2006年7月4日河北文安5.1级地震，距本次地震约60km。1970年以来，震中区50km范围内的地震均为孤立型，就是余震的震级显著低于主震震级。', '会商认为，该地震为孤立型地震的可能性很大，河北永清4.3级地震原震区发生更大地震的可能不大。', '有关此次地震情况，请关注中国地震局门户网站、中国地震台网中心门户网站、中国地震台网速报微博。']",2018年02月13日 00:20
永清4.3级地震通报会：记录到24次余震 最大余震1.8级,中国新闻网,"['图片来源：国家地震台网官方微博', '附：媒体通报会内容', '媒体朋友们，大家好！现在通报关于河北永清4.3地震的最新消息：北京时间2018年2月12日18时31分，在河北永清县(北纬39.37度，东经116.67度)发生4.3级地震，震源深度20km。', '地震发生后，根据《中国地震局地震应急预案》，启动四级应急响应。中国地震局机关、中国地震应急搜救中心、河北省地震局、北京市地震局、天津市地震局、中国地震台网中心等相关单位立即进入应急状态。河北省廊坊市及周边市(区)、县地震部门迅速派出人员开展灾情调查和现场应急工作，并及时向中国地震局报告。', '与此同时，中国地震台网中心与北京局、天津局、河北局等单位的专家利用视频会商系统组织了紧急会商，研究了该地区地震活动特点。', '河北永清4.3级地震发生后，截至21时20分，记录到24次余震，最大余震1.8级。', '1900年以来，震中区50km范围内未记录到5级以上地震，距离最近的5级地震为2006年7月4日河北文安5.1级地震，距本次地震约60km。1970年以来，震中区50km范围内的地震均为孤立型，就是余震的震级显著低于主震震级。', '会商认为，该地震为孤立型地震的可能性很大，河北永清4.3级地震原震区发生更大地震的可能不大。']",2018年02月12日 23:55
河北永清4.3级地震通报：已记录到24次余震 最大1.8级,中国新闻网,"['附：媒体通报会内容', '媒体朋友们，大家好！现在通报关于河北永清4.3地震的最新消息：北京时间2018年2月12日18时31分，在河北永清县(北纬39.37度，东经116.67度)发生4.3级地震，震源深度20km。', '地震发生后，根据《中国地震局地震应急预案》，启动四级应急响应。中国地震局机关、中国地震应急搜救中心、河北省地震局、北京市地震局、天津市地震局、中国地震台网中心等相关单位立即进入应急状态。河北省廊坊市及周边市(区)、县地震部门迅速派出人员开展灾情调查和现场应急工作，并及时向中国地震局报告。', '与此同时，中国地震台网中心与北京局、天津局、河北局等单位的专家利用视频会商系统组织了紧急会商，研究了该地区地震活动特点。', '河北永清4.3级地震发生后，截至21时20分，记录到24次余震，最大余震1.8级。', '1900年以来，震中区50km范围内未记录到5级以上地震，距离最近的5级地震为2006年7月4日河北文安5.1级地震，距本次地震约60km。1970年以来，震中区50km范围内的地震均为孤立型，就是余震的震级显著低于主震震级。', '会商认为，该地震为孤立型地震的可能性很大，河北永清4.3级地震原震区发生更大地震的可能不大。']",2018年02月12日 23:55
关于廊坊地震的谣言来的真快！,新浪网,"['刚刚，河北省廊坊市人民政府新闻办公室官方微博@廊坊发布辟谣称：目前，网传永清县9958应急救援队接到通知，今晚11点30分有余震活动的消息纯属谣言，公安部门正在追查谣言的源头，请广大群众勿信勿传谣言，以权威发布为准。', '中国国际救援队也在其官微进行了辟谣。', '', '', '', '', '', '来源：@廊坊发布、@中国国际救援队、@中国地震台网速报']",2018年02月12日 21:39
河北廊坊市永清县发生4.3级地震 震中周边人口密集,环球网,"['中国地震台网正式测定：02月12日18时31分在河北廊坊市永清县（北纬39.37度，东经116.67度）发生4.3级地震，震源深度20千米，北京有明显震感。', '', '震中周边人口密集，有感范围较大，震中距离北京城区约65公里。据移动人口大数据分析，震中20公里范围内人口数约106万，50公里范围内约1007万，100公里范围内约5741万。', '', '', '', '震中位置周边情况', '本次地震周边5公里内的村庄有辛务村、小站村、左奕村、焦庄村、北刘庄村、东西溜村、西西溜村、北上村、大站村、横亭村，20公里内的乡镇有别古庄镇、韩村镇、调和头乡、仇庄乡、码头镇、曹家务乡、杨税务乡、葛渔城镇、里澜城镇。', '', '震中距安次区15公里、距永清县16公里、距广阳区17公里、距固安县33公里、距霸州市36公里，距廊坊市19公里，距天津市56公里。', '', '根据中国地震台网速报目录，震中周边200公里内近5年来发生3级以上地震共11次，最大地震是2014年9月6日在河北省张家口市涿鹿县发生的4.3级地震（距离本次震中150公里），历史地震分布如图。', '刚刚回到廊坊的环环在家里感到房子上下晃动，穿上衣服就往外走。发现整栋楼的人都出来了。有的人穿着睡衣，有的人抱着小孩，还有的人做到一半饭，拿着菜就跑出来了。', '', '', '']",2018年02月12日 18:34
河北省廊坊市永清县发生4.3级地震 震源深度20公里,新浪网,"['中国日报网2月12日电 据新华社2月12日报道，中国地震台网正式测定：02月12日18时31分，在河北省廊坊市永清县(北纬39.37度，东经116.67度)发生4.3级地震，震源深度20公里。', '', '震中周边人口密集，有感范围较大，震中距离北京城区约65公里。据移动人口大数据分析，震中20公里范围内人口数约106万，50公里范围内约1007万，100公里范围内约5741万。', '（编辑：齐磊 潘一侨）']",2018年02月12日 18:58
地震晃楼2秒，谣言却震荡朋友圈,新浪网,"['根据中国地震台网正式测定：02月12日18时31分在河北廊坊市永清县（北纬39.37度，东经116.67度）发生4.3级地震，震源深度20千米。', '', '', '震感', '北京全境明显震感，持续2秒', '根据北京市地震局官方微博介绍，北京地区受地震影响，仪器记录烈度最大为4度，地点为通州区于家务乡，其他地区大部分为2-3度。监测仪器记录震感与市民反馈基本一致。', '', '此外，据市地震局介绍，北京市的所有行政区均有明显震感，但晃动持续时间短，仅2秒左右。', '北京市地震局已经派出2组现场工作队前往震中，核实震情。根据目前地震监测数据结果分析，没有发现地震异常情况。北京市地震局将随时发布最新地震情况。', '释疑', '为何此次地震北京有明显震感？', '根据中国地震台网正式测定，此次地震发生在河北廊坊市永清县，为4.3级地震，震源深度20千米。', '为何此次地震中，北京市民有明显震感？中国地震台网中心研究员孙士宏解释，地震的破坏程度与烈度有关，能够反映地震发生后，地表的破坏程度。烈度越高，破坏力越大。', '根据北京市地震局发布的信息，此次地震中，北京地区仪器记录烈度最大为4度，地点为通州区于家务乡，其他地区大部分为2-3度。', '孙士宏解释，如果烈度为3到4度，那么室内多数人会有感觉，室外的感觉较小。同时，地震有感范围大小也与震源深度有关。“此次地震震源深度20公里，外围的有感范围更大一些”。', '谣言', '“余震将达6.8级”', '地震后，多条余震消息在网络传播。', '其中一条提到，“余震会继续增强，预测震中高峰值将达到6.8级左右，时间预测为凌晨两点至4点，并希望震源中心附近的居民紧急疏散”。', '', '对此，北京市地震局官方微博均进行辟谣，并称本次地震周边曾发生过的历史地震类型大多为孤立型地震，这次地震为孤立型的可能性较大。知道君（xjb-jingshier）从中国地震台网中心也了解到，经过分析判定，这次地震为孤立型，原震区发生更大地震可能性不大。另外，首都圈发生5级以上地震可能性不大。', '中国地震台网中心研究员孙士宏解释，“首都圈”为张家口到唐山范围内。其中，张家口-渤海断裂带的活动构造直接影响京津唐张及周边地区的安全。', '', '据介绍，孤立型地震是指前震、余震都很稀少且与主震震级相差非常大的地震序列，整个序列的地震能量基本上通过主震一次释放出来。', '', '小提示', '真发生地震如何逃生？', '地震时，应蹲下或者坐下，保护头颈，捂住口鼻，同时，随手关掉煤气或电开关。尤其不能跳楼或使用电梯，应避开高大建筑物，远离高压线，并注意山崩和滚石。', '如果在街上，应保护头部，并跑向开阔地区躲避。在学校，则应躲避在课桌、讲台旁，或者有管道支撑的房间。如果在车中，司机需减速，乘客抓紧拉手同时护住头部和腹部。如果在野外遇到山崩、滑坡，则应垂直于滚石方向逃生，或躲在结实的障碍物下。', '市民如果在商店，则应多在大柱子和大商店旁，朝着没有障碍的通道向底层转移。在高楼时，则找可形成三角空间的地方，近水不近火，靠外不靠内。', '震后自救时，则应捂住口、鼻，挪开头部、胸部的杂物，并尽量保存体力，用石块敲击能发出声响的物体，向外发出呼救信号。不要哭喊。同时，用砖块等支撑残垣断壁。', '来源：北京消防官方微博', '']",2018年02月13日 00:15
河北永清发生发生4.3级地震 震中周边人口密集,中国新闻网,"['中新网2月12日电 中国地震台网正式测定：2月12日18时31分在河北廊坊市永清县（北纬39.37度，东经116.67度）发生4.3级地震，震源深度20千米。', '据国家地震台网官方微博消息，震中周边人口密集，有感范围较大，震中距离北京城区约65公里。据移动人口大数据分析，震中20公里范围内人口数约106万，50公里范围内约1007万，100公里范围内约5741万。', '本次地震周边5公里内的村庄有辛务村、小站村、左奕村、焦庄村、北刘庄村、东西溜村、西西溜村、北上村、大站村、横亭村，20公里内的乡镇有别古庄镇、韩村镇、调和头乡、仇庄乡、码头镇、曹家务乡、杨税务乡、葛渔城镇、里澜城镇。', '震中距安次区15公里、距永清县16公里、距广阳区17公里、距固安县33公里、距霸州市36公里，距廊坊市19公里，距天津市56公里。', '震中周边200公里内近5年来发生3级以上地震共11次，最大地震是2014年9月6日在河北省张家口市涿鹿县发生的4.3级地震（距离本次震中150公里）。', '点击进入专题']",2018年02月12日 19:26
河北永清4.3级地震 中国地震局启动四级应急响应,中国新闻网,"['中新网2月12日电 中国地震台网正式测定：2月12日18时31分在河北廊坊市永清县（北纬39.37度，东经116.67度）发生4.3级地震，震源深度20千米。', '据河北省廊坊市人民政府新闻办公室官方微博消息，目前，河北省、廊坊市地震局应急人员和有关专家已赶往震区，核实震灾情况。截至现在，尚未接到人员伤亡的报告。', '据国家地震台网官方微博消息，中国地震局决定启动四级应急响应，请各工作组迅速开展应急处置工作。', '点击进入专题']",2018年02月12日 20:07
河北永清4.3级地震 中国地震局启动四级应急响应,新浪网,"['中新网2月12日电 中国地震台网正式测定：2月12日18时31分在河北廊坊市永清县(北纬39.37度，东经116.67度)发生4.3级地震，震源深度20千米。', '据河北省廊坊市人民政府新闻办公室官方微博消息，目前，河北省、廊坊市地震局应急人员和有关专家已赶往震区，核实震灾情况。截至现在，尚未接到人员伤亡的报告。', '据国家地震台网官方微博消息，中国地震局决定启动四级应急响应，请各工作组迅速开展应急处置工作。']",2018年02月12日 20:07
中国地震局启动四级地震应急响应,央视,"['2018年2月12日18时31分，河北省永清县发生4.3级地震，震源深度20公里。经了解河北省廊坊市、北京市、天津市、河北省唐山市、沧州市、承德市、衡水市、保定市等地有不同强度震感。根据上述情况，中国地震局决定：一、根据《中国地震局地震应急预案》，启动四级应急响应。二、中国地震局机关、中国地震应急搜救中心、河北省地震局、北京市地震局、天津市地震局、中国地震台网中心等相关单位立即进入应急状态，做好应急值守、信息汇总、余震监测、地震趋势研判、灾害调查评估、社会稳定等工作。三、河北省廊坊市及周边市（区）、县地震部门迅速派出人员开展灾情调查和现场应急工作，并及时向中国地震局报告。四、视情派出中国地震局地震现场应急工作队。五、中国地震局有关直属单位按《中国地震局地震应急预案》的要求开展相关工作。', '中国地震局：原震区再次发生4级以上地震的可能性不大']",2018年02月12日 22:17
【河北永清县发生4.3级地震】专家：原震区后续再发生类似规模地震的可能性非常小,央视,"['', '中国地震台网正式测定：02月12日18时31分，在河北廊坊市永清县(北纬39.37度，东经116.67度)发生4.3级地震，震源深度20公里。这次地震导致京津冀有明显震感，央视记者崔世杰目前就在中国地震台网中心，有关这次地震的详细情况，我们现在就连线他。', '河北4.3级地震 北京有明显震感', '', '央视记者 崔世杰：18时31分永清县发生地震以后，中国地震局就紧急召开相关单位视频连线，会商当地情况。目前，现场会商仍然在继续。中国地震台网中心在地震发生后也紧急召集了专家，对这次地震的相关参数和为什么在这个地方发生地震做了一个会商。地震点永清县距离北京60公里，距离天津55公里，永清县发生地震后，北京和天津都有明显震感。现在，请中国地震台网中心预报部主任蒋海昆给我们具体讲解这次地震到底是一个什么样的情况。', '', '央视记者 崔世杰：蒋主任，请您先给我们讲一下这次地震为什么会在永清县这里发生呢？', '', '中国地震台网中心预报部主任 蒋海昆：实际上这种小的地震只要有小构造的地方都有可能发生，所以在这地方没有特殊的含义。因为它的发生构造，从我们现在初步的研究结果来看，是一个非常小规模的，叫作河西务断裂。那么不到三四公里这样小的断裂，所以它的强度也就是这么低。从历史上活动来看，这个地方七零年以来，50公里范围内，我们4级以上地震大概记到过四次，所以这次地震也不显得特别突兀，以往四次地震里面最大的震级到过4.7。另外一个的话，从这个地方的地震活动特点来看，是孤立型为主。所谓孤立型，就是一次地震发生后，后续余震的强度会明显低。所以到目前为止，截止到今晚8点，我们记录到22次小地震，最大就是1.3级。所以我们估计这个地方的余震也就是1~2级这种规模，大家通常感觉不到。', '央视记者 崔世杰：这次地震实际上是给北京以及天津造成比较明显的震感。我们可以说明显，但不是很强烈。我当时在22楼的时候就感觉到了非常明显的上下晃动，时间虽然不长，但是在1分钟之内又来了一次上下的震荡。您可以说一下这次地震的影响范围吗？', '', '中国地震台网中心预报部主任 蒋海昆：这次地震之所以大家感觉比较强烈，实际是两个原因。一个是这次地震的震源深度相对深，大概是20公里左右，初步定的结果。这样的话，地震深了后，它的传播影响范围就会比较大，地震波。另外一个就是北京、天津都是高层建筑比较多，有感基本是在高层，这会有一个放大的效应，你要是在马路上，或者在低层里面，不会太多人感觉到的。感觉到的，有感的，基本是高层建筑里面的，特别是住的高的这样一些人有感。所以，两个原因，一个是高层多，第二个是震源深，初步分析是这样的原因。', '央视记者 崔世杰：我当时就在22楼，就感觉到非常明显的上下晃动。但是在一楼啊，其他的一些朋友，在地面上的那些啊，确实没有太怎么感觉到这次的地震。另外，再说一下老百姓特别感兴趣的，特别关心的一件事情，就是这次4.3级明显的地震之后，后续还有没有更大的地震呢？', '', '\u200b中国地震台网中心预报部主任 蒋海昆：刚才我讲过了，从历史地震活动来看，这个地方地震类型是以孤立性为主。所谓孤立性，就是孤零零一个大的，后面跟着的非常小，和它震级差距是比较大的。那么刚才我讲过，一般是超2.4级以上，所以4.3级地震它的余震可能就分布在1~2级这个范围内，大家不用惊慌。那么冷的天，该进屋还是要进屋。我们也分析，原震区短时间内再发生类似规模地震的可能性非常小。']",2018年02月12日 22:45
专家：河北永清4.3级地震原震区发生更大地震可能不大,中国新闻网,"['中新社北京2月12日电 (张子胥 张素)中国地震台网中心副主任刘桂萍12日晚在北京举行的通报会上表示，专家会商认为，河北永清4.3级地震为孤立型地震的可能性很大，河北永清4.3级地震原地震区发生更大地震的可能不大。', '2月12日18时31分，河北省永清县(北纬39.37度，东经116.67度)发生4.3级地震，震源深度20千米。截至21时20分，中国地震台网中心共记录到24次余震，最大余震1.8级。', '官方根据《中国地震局地震应急预案》启动了四级应急响应。中国地震应急搜救中心、河北省地震局、北京市地震局、天津市地震局、中国地震台网中心等机构进入应急状态，河北省廊坊市及周边市区县地震部门派出人员开展灾情调查和现场应急工作。', '中国地震台网中心与河北省地震局、北京市地震局、天津市地震局等机构的专家利用视频会商系统进行会商，研究了该地区地震活动特点。专家初步判定，此次地震发生在河西务断裂附近，地震震中周边地区短期异常不突出，震后余震很少、震级也很小，原震区再次发生4级以上地震的可能性不大。', '刘桂萍介绍，1900年以来，此次地震震中区50千米范围内未记录到5级以上地震。距离最近的5级地震是2006年7月4日河北文安5.1级地震，距离本次地震约60千米。1970年以来，震中区50千米范围内的地震均为孤立型，即余震震级显著低于主震震级。']",2018年02月12日 23:48
永清地震通报会：中国地震局等单位进入应急状态,新浪网,"['2月12日18时31分，河北永清发生4.3级地震，中国地震局和中国地震台网中心立即启动应急响应，并在晚上9时30分召开了媒体通报会。', '媒体朋友们，大家好！现在通报关于河北永清4.3地震的最新消息：北京时间2018年2月12日18时31分，在河北永清县（北纬39.37度，东经116.67度）发生4.3级地震，震源深度20km。', '地震发生后，根据《中国地震局地震应急预案》，启动四级应急响应。中国地震局机关、中国地震应急搜救中心、河北省地震局、北京市地震局、天津市地震局、中国地震台网中心等相关单位立即进入应急状态。河北省廊坊市及周边市（区）、县地震部门迅速派出人员开展灾情调查和现场应急工作，并及时向中国地震局报告。', '与此同时，中国地震台网中心与北京局、天津局、河北局等单位的专家利用视频会商系统组织了紧急会商，研究了该地区地震活动特点。', '河北永清4.3级地震发生后，截至21时20分，记录到24次余震，最大余震1.8级。', '1900年以来，震中区50km范围内未记录到5级以上地震，距离最近的5级地震为2006年7月4日河北文安5.1级地震，距本次地震约60km。1970年以来，震中区50km范围内的地震均为孤立型，就是余震的震级显著低于主震震级。', '会商认为，该地震为孤立型地震的可能性很大，河北永清4.3级地震原震区发生更大地震的可能不大。']",2018年02月12日 23:03
【河北永清县发生4.3级地震】专家：原震区后续再发生类似规模地震的可能性非常小,央视,"['', '中国地震台网正式测定：02月12日18时31分，在河北廊坊市永清县(北纬39.37度，东经116.67度)发生4.3级地震，震源深度20公里。这次地震导致京津冀有明显震感，央视记者崔世杰目前就在中国地震台网中心，有关这次地震的详细情况，我们现在就连线他。', '河北4.3级地震 北京有明显震感', '', '央视记者 崔世杰：18时31分永清县发生地震以后，中国地震局就紧急召开相关单位视频连线，会商当地情况。目前，现场会商仍然在继续。中国地震台网中心在地震发生后也紧急召集了专家，对这次地震的相关参数和为什么在这个地方发生地震做了一个会商。地震点永清县距离北京60公里，距离天津55公里，永清县发生地震后，北京和天津都有明显震感。现在，请中国地震台网中心预报部主任蒋海昆给我们具体讲解这次地震到底是一个什么样的情况。', '', '央视记者 崔世杰：蒋主任，请您先给我们讲一下这次地震为什么会在永清县这里发生呢？', '', '中国地震台网中心预报部主任 蒋海昆：实际上这种小的地震只要有小构造的地方都有可能发生，所以在这地方没有特殊的含义。因为它的发生构造，从我们现在初步的研究结果来看，是一个非常小规模的，叫作河西务断裂。那么不到三四公里这样小的断裂，所以它的强度也就是这么低。从历史上活动来看，这个地方七零年以来，50公里范围内，我们4级以上地震大概记到过四次，所以这次地震也不显得特别突兀，以往四次地震里面最大的震级到过4.7。另外一个的话，从这个地方的地震活动特点来看，是孤立型为主。所谓孤立型，就是一次地震发生后，后续余震的强度会明显低。所以到目前为止，截止到今晚8点，我们记录到22次小地震，最大就是1.3级。所以我们估计这个地方的余震也就是1~2级这种规模，大家通常感觉不到。', '央视记者 崔世杰：这次地震实际上是给北京以及天津造成比较明显的震感。我们可以说明显，但不是很强烈。我当时在22楼的时候就感觉到了非常明显的上下晃动，时间虽然不长，但是在1分钟之内又来了一次上下的震荡。您可以说一下这次地震的影响范围吗？', '', '中国地震台网中心预报部主任 蒋海昆：这次地震之所以大家感觉比较强烈，实际是两个原因。一个是这次地震的震源深度相对深，大概是20公里左右，初步定的结果。这样的话，地震深了后，它的传播影响范围就会比较大，地震波。另外一个就是北京、天津都是高层建筑比较多，有感基本是在高层，这会有一个放大的效应，你要是在马路上，或者在低层里面，不会太多人感觉到的。感觉到的，有感的，基本是高层建筑里面的，特别是住的高的这样一些人有感。所以，两个原因，一个是高层多，第二个是震源深，初步分析是这样的原因。', '央视记者 崔世杰：我当时就在22楼，就感觉到非常明显的上下晃动。但是在一楼啊，其他的一些朋友，在地面上的那些啊，确实没有太怎么感觉到这次的地震。另外，再说一下老百姓特别感兴趣的，特别关心的一件事情，就是这次4.3级明显的地震之后，后续还有没有更大的地震呢？', '', '\u200b中国地震台网中心预报部主任 蒋海昆：刚才我讲过了，从历史地震活动来看，这个地方地震类型是以孤立性为主。所谓孤立性，就是孤零零一个大的，后面跟着的非常小，和它震级差距是比较大的。那么刚才我讲过，一般是超2.4级以上，所以4.3级地震它的余震可能就分布在1~2级这个范围内，大家不用惊慌。那么冷的天，该进屋还是要进屋。我们也分析，原震区短时间内再发生类似规模地震的可能性非常小。']",2018年02月12日 22:17
永清地震通报会：中国地震局等单位进入应急状态,中国地震局网站,"['媒体朋友们，大家好！现在通报关于河北永清4.3地震的最新消息：北京时间2018年2月12日18时31分，在河北永清县（北纬39.37度，东经116.67度）发生4.3级地震，震源深度20km。', '地震发生后，根据《中国地震局地震应急预案》，启动四级应急响应。中国地震局机关、中国地震应急搜救中心、河北省地震局、北京市地震局、天津市地震局、中国地震台网中心等相关单位立即进入应急状态。河北省廊坊市及周边市（区）、县地震部门迅速派出人员开展灾情调查和现场应急工作，并及时向中国地震局报告。', '与此同时，中国地震台网中心与北京局、天津局、河北局等单位的专家利用视频会商系统组织了紧急会商，研究了该地区地震活动特点。', '河北永清4.3级地震发生后，截至21时20分，记录到24次余震，最大余震1.8级。', '1900年以来，震中区50km范围内未记录到5级以上地震，距离最近的5级地震为2006年7月4日河北文安5.1级地震，距本次地震约60km。1970年以来，震中区50km范围内的地震均为孤立型，就是余震的震级显著低于主震震级。', '会商认为，该地震为孤立型地震的可能性很大，河北永清4.3级地震原震区发生更大地震的可能不大。', '有关此次地震情况，请关注中国地震局门户网站、中国地震台网中心门户网站、中国地震台网速报微博。', '点击进入专题']",2018年02月12日 22:52
河北省廊坊4.3级地震 北京地震局启动地震应急响应,新浪网,"['本次地震位于华北平原地震带，地震影响范围5952平方公里，震中地区永清县震感强烈，北京市的所有行政区均有明显震感，但晃动持续时间短，仅2秒左右。根据移动人口数据分析，震中20公里范围内人口数约106万，50公里范围内约1007万，100公里范围内约5741万人。', '北京地区受地震影响，仪器记录烈度最大为4度，地点为通州区于家务乡，其他地区大部分为2-3度。监测仪器记录震感与市民反馈基本一致。', '地震发生后，北京市地震局启动了地震应急响应，派出2组现场工作队6名队员赶赴震中地区，召开了紧急会商，研判震后震情趋势。根据目前地震监测数据结果分析，没有发现地震异常情况。综合研判认为，本次地震为孤立性地震可能性较大。北京市地震局将及时发布最新地震情况。', '', '中国交通广播 记者：王冠文 责任编辑：高雅']",2018年02月17日 15:03
廊坊发生4.3级地震 这份最权威逃生手册赶快收藏,环球网,"['转发，让更多的人知道！', '今天，刚休假返回廊坊家中的环环（ID：huanqiu-com）就遇到了地震。惊慌中也不忘抢新闻的环环一边往楼下跑一边在工作群里播报地震动态。', '下面这篇文章，是环环在寒风中用僵硬的手指在手机上写出的现场报道??', '据中国地震台网正式测定，2月12日18时31分在河北廊坊市永清县发生4.3级地震，震源深度20千米，震中位于北纬39.37度，东经116.67度。', '恰巧回到廊坊的环环（ID：huanqiu-com）在家里感到房子上下晃动，感觉不对劲，拿起手机在工作群里说了句“地震了”，然后穿上衣服就往外走。走到楼下，发现整栋楼的人都出来了。有的人穿着睡衣，有的人抱着小孩，还有的人做饭做到一半，拿着菜就跑出来了。很多人担心大年三十还能不能好好过。幸亏是在傍晚，大家都没睡呢。', '“捡了一条命！”有人感慨说。很多人开始给亲人打电话报平安。一位爸爸到了楼下才顾上给孩子穿鞋。一位大叔说，刚做一半饭，觉得地震了，就跑出来了，后来觉得不对劲，又回去穿了裤子，然后跑了出来。在外面等了一阵子，这位大叔带头回家了，嘴里说着：“没事儿了，大家回去吧，家里熬着粥。”', '拍摄者：张小马 来源：环视频', '人们在外面等了一会儿，才渐渐散去。带着孩子的家长决定在外面多等一会儿。邻居们商量了一下，把楼道大门敞开着，准备万一余震发生便于逃生。', '在为地震中心人民担忧的同时，我们也要有相应的意识和措施来预防地震可能对我们造成的伤害。以下这些地震自救常识，请教会孩子及家人。', '来源：环球网', '点击进入专题', '相关新闻：廊坊政府网站：今晚永清11点30分有余震纯属谣言']",2018年02月12日 22:03
北廊坊市永清县附近发生4.3级左右地震 北京有震感,新浪网,"['中国地震台网正式测定：02月12日18时31分在河北廊坊市永清县（北纬39.37度，东经116.67度）发生4.3级地震，震源深度20千米。', '此前报道', '中国地震台网自动测定：02月12日18时31分在河北廊坊市永清县附近（北纬39.38度，东经116.66度）发生4.4级左右地震，最终结果以正式速报为准。', '责任编辑：邱耀洲']",2018年02月12日 18:43
遇到地震时请不信谣、不传谣,新浪网,"['另据中国地震台网中心官方微博消息称，经过分析判定，这次地震可能为孤立型，原震区发生更大地震可能性不大，首都圈发生5级以上地震可能性不大。', '中国地震台网提醒广大网友：遇到地震时请不信谣、不传谣！', '', '2018年2月12日18时31分，河北省廊坊市永清县发生4.3级地震，震源深度20公里。（图片来源：中国地震台网）']",2018年02月12日 21:35
廊坊市政府新闻办：“余震继续增强”系谣言,新浪网,"['廊坊市政府新闻办官方微博表示，地震发生后，省、市地震局应急人员和有关专家已赶往震区，核实震灾情况。截至19时47分，尚未接到人员伤亡的报告。', '另据该微博消息，今晚8点左右，有人假冒中国地震台网公告，声称此次地震“余震会继续增强”，“震中高峰值将达到6.8级左右，时间预测为凌晨2点至4点左右”。经与权威部门核实，上述内容纯属造谣。目前，公安部门已开始追查谣言的出处。']",2018年02月12日 22:03
河北廊坊市永清县发生4.3级地震 震源深度20千米,新浪网,['中国地震台网正式测定：2月12日18时31分在河北廊坊市永清县（北纬39.37度，东经116.67度）发生4.3级地震，震源深度20千米。'],2018年02月12日 18:40
河北永清发生4.3级地震 无人员伤亡及财产损失,新浪网,['据中央电视台报道，此次地震属于孤立性，基本不会有更大震级的地震。另据廊坊市人民政府新闻办公室官方微博“廊坊发布”公布消息，目前网传“永清县9958应急救援队接到通知，今晚11点30分有余震活动”的消息纯属谣言，公安部门正在追查谣言的源头，请广大群众勿信勿传谣言，以政府官方发布消息为准。后续消息，持续发布。'],2018年02月12日 22:49
女子网上造谣称廊坊地震后有6.8级余震 已被拘留,新浪网,"['', '', '@廊坊发布：[永清地震造谣女子被拘！]2018年2月13日，霸州市公安局依法查处并行政拘留一名网上造谣者。', '2018年2月12日18时31分在永清县发生4.3级地震。19时许，违法行为人谢某在家中利用微信传播关于“2017年2月12日18时，永清县发生地震，预测凌晨2时-4时将发生余震，强度6.8级”等谣言，造成社会恐慌。现已被我局依法行政拘留。', '警方提示：', '网络空间非法外之地，网上发言需谨慎', '理性看待未经证实的消息。不造谣，不传谣', '制造传播谣言是违法行为。公安机关将按照有关法律规定，依法严肃处罚，构成犯罪的将依法追究其法律责任。']",2018年02月13日 18:42
河北廊坊市永清县附近发生4.3级左右地震,新浪网,['中国地震台网正式测定：02月12日18时31分在河北廊坊市永清县（北纬39.37度，东经116.67度）发生4.3级地震，震源深度20千米。'],2018年02月12日 18:35
河北廊坊市永清县发生4.3级地震 震源深度20千米,新浪网,['中国地震台网正式测定：2月12日18时31分在河北廊坊市永清县(北纬39.37度，东经116.67度)发生4.3级地震，震源深度20千米。'],2018年02月12日 18:41
河北廊坊市永清县发生4.3级地震 震源深度20千米,新浪网,['中新网2月12日电 中国地震台网正式测定：02月12日18时31分在河北廊坊市永清县(北纬39.37度，东经116.67度)发生4.3级地震，震源深度20千米。'],2018年02月12日 18:43
官方辟谣来了！首都圈发生5级以上地震可能性不大,新浪网,"['今晚18点31分，河北永清县附近发生4.3级地震后，省、市地震局应急人员和有关专家已赶往震区，正核实灾情，会商情况。目前，网传永清县9958应急救援队接到通知，今晚11点30分有余震活动的消息纯属谣言，公安部门正在追查谣言的源头，请广大群众勿信勿传谣言，以权威发布为准。', '', '据@中国地震台网速报：经过分析判定，这次地震可能为孤立型，原震区发生更大地震可能性不大。另外，首都圈发生5级以上地震可能性不大。', '', '中国地震台网中心预报部主任蒋海昆表示：此次河北永清4.3级地震可能为孤立型，原震区发生更大地震可能性不大，50公里范围内历史上4级以上地震发生过5次，最高震级4.9级。截至20时，共记录到0级以上余震11次，最大余震1.8级。首都圈发生5级以上地震可能性不大。', '来源：廊坊发布微博、中国地震台网微博、新华视点微博']",2018年02月12日 01:00
廊坊地震网上造谣者抓了！,环球时报,"['2018年2月12日18时31分在永清县发生4.3级地震。19时许，违法行为人谢某在家中利用微信传播关于“2018年2月12日18时，永清县发生地震，预测凌晨2时-4时将发生余震，强度6.8级”等谣言，造成社会恐慌。现已被我局依法行政拘留。', '2018年2月12日晚18时31分，河北省永清县发生4.3级地震。19时许，永清县经开区男子车某捏造了“永清县9958应急救援队接到通知，在今晚11时30分到凌晨3点可能会有余震发生，有关单位和个人做好防范措施”的谣言，该谣言通过微信被网民转发，引发群众恐慌。', '永清县公安局发现该消息后，立即核实，确定为虚假消息，并迅速侦查锁定了违法嫌疑人车某。2月13日上午11时，车某迫于压力投案自首。目前，车某因虚构事实扰乱公共秩序被永清警方依法行政拘留。', '警方提示', '网络空间非法外之地，网上发言需谨慎理性看待未经证实的消息。不造谣，不传谣。', '制造传播谣言是违法行为。公安机关将按照有关法律规定，依法严肃处罚，构成犯罪的将依法追究其法律责任。']",2018年02月13日 21:45
新闻早餐来了丨2018-2-13,中国新闻网,"['', '中国基本医保参保人数已超13.5亿', '12日，国家卫计委称，中国基本医保参保人数已超过13.5亿，参保率稳定在95%以上，城乡居民大病保险制度覆盖10.5亿人；人均预期寿命从2010年的74.83岁提高到2016年的76.5岁。', '中国将集中整治网络直播、儿童“邪典”视频', '中国官方将从2月上旬至4月下旬进一步开展针对网络直播平台传播低俗色情暴力等违法有害信息和儿童“邪典”动漫游戏视频的集中整治行动。', '工商局开展整治虚假违法互联网广告', '12日，工商总局表示将开展互联网广告专项整治工作，以社会影响大、覆盖面广的门户网站、搜索引擎等为重点，强化信用监管，推进互联网广告违法行为行政处罚信息100%公示。', '广西政协原副主席刘君被开除党籍、行政撤职', '日前，广西壮族自治区政协原党组成员、副主席刘君因违反政治纪律，违反中央八项规定精神，被开除党籍、行政撤职处分，降为副处级非领导职务。', '12日，中国在西昌卫星发射中心用长征三号乙运载火箭（及远征一号上面级），以“一箭双星”方式成功发射第二十八、二十九颗北斗导航卫星。', '', '赵昀 摄', '1月74城空气质量报告公布', '12日，环保部发布2018年1月全国空气质量状况，1月空气质量较好的前10位城市依次是海口、福州、张家口、舟山、厦门、丽水、贵阳、昆明、北京和拉萨市。', '超高清春晚来了！央视春晚首次提供4K点播', '12日，央视春晚节目组发布消息称，2018年央视春晚将为北京、上海等地提供4K超高清点播服务，其清晰度是高清电视的4倍，比传统电影还高。', '', '央视供图', '八达岭野生动物世界被限期整改', '近日，北京市旅游委公布一份调查结果，其中，八达岭野生动物世界因安全隐患仍未消除等问题被警告，并限期半年整改。', '河北廊坊市永清县发生4.3级地震', '12日晚，河北廊坊市永清县发生4.3级地震，震源深度20千米。北京、天津均有震感。', '', '来源：中国地震台网微博', '“追逃逸者致死案”宣判 原告方诉求被驳回', '朱振彪追赶肇事逃逸者张永焕致其被火车撞身亡，随后遭其家属索赔60余万。12日，法院一审驳回死者家属所有诉求，认定朱振彪行为不具有违法性，属于见义勇为。', '', '为让妻子补觉 这位教师“奶爸”抱娃阅卷', '范应彬是山东青岛一中学的高三老师，也是两个孩子的父亲。近日，同为教师的妻子为照顾生病的儿子，接连好几天没睡好，为了让爱人补觉，范应彬当起了“超级奶爸”边抱孩子边阅卷。网友：模范丈夫！', '', '来源：中国教育报 记者 孙军 通讯员 官家荣 王晓娟', '“广东徐玉玉”案终审 首犯被判无期徒刑', '12日，广东省高级人民法院对揭阳女学生蔡某某遭电信诈骗案做出二审判决：驳回5名诈骗主犯的上诉，维持原判，对5被告中首犯判无期徒刑。', '95后小伙冒雪登山5公里 抢修通讯基站', '近日，贵州盘州大雪封山道路凝冻，维修员贺克归拖着20升的油箱匍匐前行5公里，抢修山路终点无法工作的基站。贺克归说：“咱们本来就该坚持在工作岗位上，守护大家的团圆。”', '', '记者 蒲文思 通讯员 余林金', '白发夫妇车站等待女儿 怕错过不敢上厕所', '10日，重庆火车站，一对老夫妇在等坐车回家的女儿。他们担心找不到地方提前几天就来探过路，甚至担心与女儿错过连厕所都不敢上。我们盼回家，他们比我们还着急！', '“我执勤，你就来！”特警的一句承诺太暖了！', '“我执勤，你就来！”去年年末，哈尔滨一民警将自己的盒饭拿给拾荒者时说了这么一句话，从此他的执勤点就成了拾荒者的“温情食堂”。两个月以来，民警们每次执勤都会从家里带些吃的给拾荒者。谢谢你们温暖了寒冬！', '', '来源：平安哈尔滨官方微博', '', '', '教科书一般！男童车站内走失 淡定求助民警', '近日，江苏常州一名7岁男童在车站和妈妈走散。男孩立刻寻找警察求助，有条不紊地跟民警阐述自己和谁走散，流利报出妈妈的电话...最终母子团聚。家长们记得这样教导孩子哦！', '', '来源：江苏新闻荔直播', '俄失事航空公司停用所有安-148客机', '12日，俄罗斯失事飞机所属的俄萨拉托夫航空公司决定，暂停使用该公司所有安-148客机。针对此次遇难者的搜寻工作将持续7天。', '', '图为坠机现场的飞机残骸。', '中国人要拿优惠得多花钱？伦敦希思罗机场道歉', '11日，有中国留学生爆料称，伦敦希斯罗机场一免税店要求中国客人必须付1000英镑才能领取别国客人仅需79英镑便能得到的优惠券，引发大量网友不满。机场随后发布多条留言进行了道歉，并承诺进行调查改正。', '章莹颖案被告寻求审判延期', '近日，美国当地检方与章莹颖案嫌犯克里斯滕森的律师分别提出延期审判的要求，被告要求庭审推迟至2019年，并要求此案的主审联邦法官自行回避对案件的审理。', '中国足协再出重拳打击高价引援', '12日，中国足协下发规定，从2017夏季转会期开始计算，将对所有逃避缴纳转会引援调节费的俱乐部采取新赛季联赛扣分的处罚，最高将扣除15个联赛积分。', '', '来源：网页截图', '晨间视频', '各地小新齐聚 为2018年打call！', '', '各地小新齐出镜，祝大家新春快乐！', '图刊', '春运夜归人', '2月11日深夜，厦门开往福州的最后一班动车抵达福州站，旅客拖着行李走出火车站。火车站没有了白天的喧嚣，稍显冷清。', '', '旅客拖着行李走出厦门至福州的最后一班列车，此时已过零点。王东明 摄', '', '火车站里彻夜等车的人席地而睡。\u3000王东明 摄', '', '孤独的的夜归人。\u3000王东明 摄', '', '旅客在火车站用手机打车。\u3000王东明 摄', '', '旅客拖着行李走出厦门至福州的最后一班列车，此时已过零点。\u3000王东明 摄', '', '火车站没有了白天的喧嚣，稍显冷清。\u3000王东明 摄', '无论回来有多晚，无论是否能回来，家永远坚守在归人们的心中。', '那年今日', '1980年2月13日，第13届冬季奥运会在美国普莱西德湖举行，那也是中国首次派团参加的冬季奥运会。近日，中国的运动健儿们正在平昌冬奥会上奋战，请一起为他们加油呐喊！', '', '图为中国选手刘佳宇在比赛中。 中新社记者 崔楠 摄', '今日话题', '小时候盼过年，长大了怕过年？还记得你小时候的那些“年”吗？', '', '有人说，理解了“过年”，就理解了中国人。', '“过年”在你心中到底是什么？你还记得小时候你是怎样过年的吗？', '快和小新聊聊吧！', '主播：洛桐。音频由中新网&企鹅FM联合出品', '编辑：赵一凡']",2018年02月13日 10:30
河北永清发生4.3级地震,新浪网,"['专家介绍，1970年以来，震中区50公里范围内发生最大地震为1973年9月21日霸县4.9级地震。此次地震震中周边地区短期异常不突出，震后余震少、震级小。', '河北永清4.3级地震发生后，截至12日21时20分，共记录到24次余震，最大余震1.8级。', '针对震感问题，中国地震台网中心副主任刘桂萍表示，这次地震是一次中等地震，震中的震感会强烈一些。由于震源深度比较深，所以震感范围比较大，北京一些区域也有轻微震感。但这样的地震不会发生大的破坏，公众不必产生恐慌。', '另据永清县委宣传部介绍，地震发生后，截至12日21时，全县无人员伤亡及财产损失。随着中国地震局和河北省、廊坊市有关部门发布权威消息，目前永清县秩序正常、人心稳定。截至12日23时40分，县城街上行人稀少，多数人已回家休息。']",2018年02月13日 15:54
民政部：今年一季度灾情偏重 全国因灾死亡53人,封面新闻,"['封面新闻记者 代睿', '4月10日，民政部国家减灾办发布2018年一季度全国自然灾害基本情况。数据显示，各类自然灾害共造成全国1272.2万人次受灾，53人死亡，2人失踪，直接经济损失196.7亿元。', '民政部有关负责人表示，总的来看，一季度全国灾情与2017年同期相比明显偏重，与近5年同期相比仅次于2013年。', '一月中东部地区大雪致21人死亡 为2013年以来最多', '记者了解到，一季度，低温雨雪冰冻灾害集中在1月份发生，中东部地区先后出现三次大范围低温雨雪冰冻天气过程，雨雪覆盖范围高达576万平方公里，平均累计降雪量为2000年以来历史同期次高值（仅次于2008年）。', '三轮低温雨雪冰冻天气过程高度重叠，中到大雪区域重复落在浙江、安徽、湖北、河南等省，导致部分地区重复受灾且灾情严重。其中，安徽、湖北两省灾情最重，共造成21人死亡，直接经济损失超过100亿元，占一季度低温雨雪冰冻灾害总损失的6成以上。总的看，与近5年同期均值相比，一季度低温雨雪冰冻灾害明显偏重，因灾死亡失踪人口和直接经济损失均为2013年以来同期最高值。', '3月南方风雹灾害致15人死亡 134.5万人受灾', '一季度，全国共出现1次大范围强对流天气过程，集中在3月初南方大部，特别是江西省雷暴大风尤为严重，共有60个县市出现8级以上短时大风，局地伴有短时强降雨和冰雹，共造成15人死亡。', '据统计，一季度风雹灾害共造成全国20个省（自治区）134.5万人次受灾，20人死亡，近4000间房屋严重损坏，11.6万间一般损坏，直接经济损失18.2亿元。总的看，与近5年同期均值相比，一季度风雹灾害总体偏重，因灾死亡失踪人口、倒损房屋数量和直接经济损失均为2013年以来同期次高值（仅次于2013年）。', '地震灾害损失总体偏轻 2月12日廊坊地震北京地区有震感', '一季度，我国大陆地区未发生5级以上地震。4级以上地震影响主要集中在2月份。其中，2月12日河北省廊坊市永清县发生4.3级地震，首都圈地区有一定震感，但未造成人员伤亡和房屋倒损。', '云南省短期内连续发生3次4级以上地震，分别是2月9日景洪4.9级地震、2月15日香格里拉4.0级地震和2月20日景东4.0级地震，共造成近1.7万间房屋一般损坏，直接经济损失9000余万元。总的看，与近5年同期均值相比，一季度地震灾害造成了一定影响，但损失偏轻。']",2018年04月10日 18:52
截至目前永清地震未接到伤亡报告,中国青年报,['据中国地震局(河北省地震局)台网中心测定，2018年2月12日18时31分，永清县附近发生4.3级地震，震中位置N116.67度，E39.37度。初步认定在韩村附近，震源深度19公里。有关震情目前正在监测分析。'],2018年02月12日 20:27
截至目前永清地震未接到伤亡报告,新浪网,"['据中国地震局(河北省地震局)台网中心测定，2018年2月12日18时31分，永清县附近发生4.3级地震，震中位置N116.67度，E39.37度。初步认定在韩村附近，震源深度19公里。有关震情目前正在监测分析。', '同时，廊坊市人民政府新闻办公室官方微博“廊坊发布”发文强调：网传“永清县9958应急救援队接到通知，今晚11点30分有余震活动”的消息纯属谣言，公安部门正在追查谣言的源头，请广大群众勿信勿传谣言，以权威发布为准。']",2018年02月12日 20:27
中国地震台网：永清发生更大地震、首都圈发生5级以上地震可能性不大,新浪网,"['', '中国地震台网正式测定:02月12日18时31分在河北廊坊市永清县(北纬39.37度,东经116.67度)发生4.3级地震。震源深度20千米。']",2018年02月12日 20:21
辟谣！今晚11点30分有余震活动的消息纯属谣言,新浪网,"['【[话筒]辟谣！】今晚18点31分，河北永清县附近发生4.3级地震后，省、市地震局应急人员和有关专家已赶往震区，正核实灾情，会商情况。目前，网传永清县9958应急救援队接到通知，今晚11点30分有余震活动的消息纯属谣言，公安部门正在追查谣言的源头，请广大群众勿信勿传谣言，以权威发布为准。', '【辟谣[话筒]】今晚8点左右，有人假冒中国地震台网公告，声称2018年02月12日18时31分在河北廊坊市永清县附近发生的4.4级左右地震！【余震】会继续【增强】。预测【震中高峰值】将达到【6.8级左右】！时间预测为【凌晨2点--4点左右】！震源中心附近的居民请紧急疏散！ \xa0 经与权威部门核实，以上内容纯属造谣。目前，公安部门已开始追查谣言的出处。在此，正告在地震发生后的造谣者：看来你是想去看守所里过年了！', '中国地震台网中心预报部主任蒋海昆表示：此次河北永清4.3级地震可能为孤立型，原震区发生更大地震可能性不大，50公里范围内历史上4级以上地震发生过5次，最高震级4.9级。截至20时，共记录到0级以上余震11次，最大余震1.8级。首都圈发生5级以上地震可能性不大。', '来源：新华视点', '原标题：辟谣']",2018年02月12日 22:05
紧急扩散！凌晨“京津冀有间接性地震”是谣言！,新浪网,"['今晚廊坊地震后，朋友圈出现一条消息：“检测局紧急通知，因地壳变动今晚津京冀地区，8点到凌晨6点有间接性地震发生，3～5级。”@震长提醒：地震系统没有检测局这个单位，原震区发生更大地震可能性不大。转发辟谣！', '此前报道', '中国地震台网正式测定：2月12日18时31分在河北廊坊市永清县(北纬39.37度，东经116.67度)发生4.3级地震，震源深度20千米。']",2018年02月12日 20:55
河北廊坊市永清县发生4.3级地震，震源深度20千米,新浪网,['#地震快讯#中国地震台网正式测定：02月12日18时31分在河北廊坊市永清县（北纬39.37度，东经116.67度）发生4.3级地震，震源深度20千米。'],2018年02月12日 18:36
网友造谣廊坊地震余震信息 现已被警方行政拘留,新浪网,"['2018年2月12日18时31分在永清县发生4.3级地震。19时许，违法行为人谢某在家中利用微信传播关于“2017年2月12日18时，永清县发生地震，预测凌晨2时-4时将发生余震，强度6.8级”等谣言，造成社会恐慌。现已被霸州市公安局依法行政拘留。', '警方提示：网络空间非法外之地，网上发言需谨慎。理性看待未经证实的消息。不造谣，不传谣。制造传播谣言是违法行为。公安机关将按照有关法律规定，依法严肃处罚，构成犯罪的将依法追究其法律责任。', '', '河北省廊坊市人民政府新闻办公室官方微博截图。']",2018年02月13日 17:59
河北“廊坊地震后将有6.8级余震”造谣者已被警方行政拘留,新浪网,"['据河北省廊坊市人民政府新闻办公室官方微博@廊坊发布 消息，2018年2月13日，霸州市公安局依法查处并行政拘留一名网上造谣者。', '2018年2月12日18时31分在永清县发生4.3级地震。19时许，违法行为人谢某在家中利用微信传播关于“2017年2月12日18时，永清县发生地震，预测凌晨2时-4时将发生余震，强度6.8级”等谣言，造成社会恐慌。现已被霸州市公安局依法行政拘留。', '警方提示：', '网络空间非法外之地，网上发言需谨慎', '理性看待未经证实的消息。不造谣，不传谣', '制造传播谣言是违法行为。公安机关将按照有关法律规定，依法严肃处罚，构成犯罪的将依法追究其法律责任', '（原题为《【冬季亮剑】霸州公安行政拘留一名网上造谣者》）']",2018年02月13日 17:54
河北永清4.3级地震未对交通油气电力等设施造成影响,发改委网站,['据了解，地震未对交通、油气、电力、通信等基础设施造成影响。交通方面，公路暂未收到受损报告，河北省有关部门正在对道路进行排查；为确保旅客安全，铁路方面对京沪高铁、京沪线和京九线附近区段进行巡检，途经列车被扣停，造成部分列车晚点；周边机场运行正常。油气方面，中石油陕京输气管线永清站、霸州站有震感，站内设备无异常，已组织对管线及沿线阀室进行排查。电力方面，电网未受影响，运行正常。通信方面，未出现通信线路中断、基站退服的情况，网络运行正常。'],2018年02月13日 09:22
中国地震台网中心：首都圈发生5级以上地震可能性不大,新京报,"['记者从中国地震台网中心了解到，这次地震可能为孤立型，原震区发生更大地震可能性不大。另外，首都圈发生5级以上地震可能性不大。', '中国地震台网中心研究员孙士宏解释，2006年河北文安曾发生5.1级地震，此次永清县地震与文安地震刚好相隔11年。从地震活动本身来说，该区域每相隔11年，可能会发生5级左右地震，地震强度则有大有小。', '孙士宏谈到的区域为张家口到唐山范围内，被称为“首都圈”。其中，张家口-渤海断裂带的活动构造直接影响京津唐张及周边地区的安全。至于此次地震是否会影响安全，孙士宏认为，北京、天津等地可能会有明显的震感，但地震影响有限。']",2018年02月12日 21:15
河北省廊坊4.3级地震 北京地震局：未发现地震异常情况,新浪网,"['本次地震位于华北平原地震带，地震影响范围5952平方公里，震中地区永清县震感强烈，北京市的所有行政区均有明显震感，但晃动持续时间短，仅2秒左右。根据移动人口数据分析，震中20公里范围内人口数约106万，50公里范围内约1007万，100公里范围内约5741万人。', '北京地区受地震影响，仪器记录烈度最大为4度，地点为通州区于家务乡，其他地区大部分为2-3度。监测仪器记录震感与市民反馈基本一致。', '地震发生后，北京市地震局启动了地震应急响应，派出2组现场工作队6名队员赶赴震中地区，召开了紧急会商，研判震后震情趋势。根据目前地震监测数据结果分析，没有发现地震异常情况。综合研判认为，本次地震为孤立性地震可能性较大。北京市地震局将及时发布最新地震情况。', '法制晚报・看法新闻原创作品拒绝任何形式删改，看法新闻保留追究法律责任的权利。']",2018年02月12日 23:45
发改委：河北永清4.3级地震未对交通油气电力等基础设施造成影响,证券时报,"['13日从发改委获悉，据中国地震台网测定，2月12日18时31分在河北省廊坊市永清县发生4.3级地震，震源深度20千米，北京、天津、廊坊等地有明显震感。', '据了解，地震未对交通、油气、电力、通信等基础设施造成影响。交通方面，公路暂未收到受损报告，河北省有关部门正在对道路进行排查；为确保旅客安全，铁路方面对京沪高铁、京沪线和京九线附近区段进行巡检，途经列车被扣停，造成部分列车晚点；周边机场运行正常。油气方面，中石油陕京输气管线永清站、霸州站有震感，站内设备无异常，已组织对管线及沿线阀室进行排查。电力方面，电网未受影响，运行正常。通信方面，未出现通信线路中断、基站退服的情况，网络运行正常。']",2018年02月13日 09:30
中国地震台网中心：首都圈发生5级以上地震可能性不大,新浪网,"['记者从中国地震台网中心了解到，这次地震可能为孤立型，原震区发生更大地震可能性不大。另外，首都圈发生5级以上地震可能性不大。', '中国地震台网中心研究员孙士宏解释，2006年河北文安曾发生5.1级地震，此次永清县地震与文安地震刚好相隔11年。从地震活动本身来说，该区域每相隔11年，可能会发生5级左右地震，地震强度则有大有小。', '孙士宏谈到的区域为张家口到唐山范围内，被称为“首都圈”。其中，张家口-渤海断裂带的活动构造直接影响京津唐张及周边地区的安全。至于此次地震是否会影响安全，孙士宏认为，北京、天津等地可能会有明显的震感，但地震影响有限。']",2018年02月12日 21:15
吉林松原发生5.7级地震?松原城区震感强烈,新浪网,"['松原城区震感强烈在吉林省松原市宁江区毛都站镇牙木吐村，部分围墙在地震中倒塌（5月28日摄）。中国地震台网正式测定，28日1时50分，吉林省松原市宁江区发生5.7级地震，震源深度13千米，震中位于北纬45.27度、东经124.71度。记者从松原市委宣传部获悉，当地已启动应急预案，目前尚未有人员伤亡报告。 新华社记者张楠摄', '【1】【2】【3】【4】', '(责编：帅筠、邱烨)']",2018年05月28日 08:15
天津地震局：天津近期发生5级以上地震可能性不大,新京报,"['新京报快讯（记者 赵凯迪）今日（2月12日）18时31分，河北廊坊市永清县（北纬39.37度，东经116.67度）发生4.3级地震，震源深度20千米。', '据天津市地震局消息，由于此次地震距离天津市较近，震源深度较浅，造成天津大部分地区震感明显。地震发生后，天津市地震局立即启动地震应急Ⅲ级响应工作，正在组织专家进行会商。', '初步分析认为，此次地震属本地区的正常地震活动，对天津市影响不大。市地震局已派出现场工作队赴武清区开展现场工作。', '另据天津市地震局消息，经专家分析研判，天津地区近期发生5级以上地震的可能性不大。', '点击进入专题']",2018年02月12日 20:53
"""科普热搜""重磅发布！科普中国携手CCTV创搜索奇迹",新浪网,"['2018年6月，中国科协科普部、百度品牌数据中心和中国科普所共同发布了《中国网民科普需求搜索行为报告（2018年一季度）》。', '', '超级蓝色血月、我国诞生首个克隆猴、河北地震等成为网民关注度较高的科普热点事件。同时，网民对“科普中国”的品牌关注度逐渐提升。', '2018年第一季度，大家都在看哪些科普内容？权威发布在这 ↓↓', '中国网民科普需求搜索行为特征', '1、第一季度中国网民科普搜索指数同比增长20.18%', '第一季度中国网民科普搜索指数为20.96亿，同比增长20.18%，环比增长11.25%。其中移动端的科普搜索指数为16.17亿，环比增长13.55%；PC 端科普搜索指数为4.79亿，环比增长4.13%。移动端科普搜索指数是PC 端的3.38倍。', '', '2018Q1中国网民科普搜索指数变化趋势', '2、第一季度前沿技术主题环比增长最快', '第一季度八个科普主题环比增长排名依次是前沿技术、健康与医疗、航空航天、信息科技、气候与环境、食品安全、能源利用和应急避险。', '', '2018Q1八个科普主题环比增长', '3、第一季度搜索指数同比增长最快的科普热点Top3', '', '4、第一季度各省网民科普搜索关注点Top5', '省份关注点1关注点2关点3关注点4关注点5安徽人工受孕奶粉事件日全食磁共振食道癌北京PM2.5雾霾大气污染数据库大数据福建台风垃圾处理地震消息安全知识喉咙发炎甘肃安乃近药物流产丙肝地震消息食品安全广东喉咙发炎基因检测台风鼻咽癌芯片广西网络安全喉咙发炎基因检测鼻咽癌卫星贵州人工受孕大数据3D卫星肺结核海南台风紫外线海啸健康体检空难河北酵素腰间盘突出股骨头坏死尿路感染月全食河南人工受孕安乃近光伏发电胃肠炎灰指甲黑龙江胃肠感冒造影酵素更年期甲状腺癌湖北根管治疗天然气日全食智能软件开发湖南软件开发杂交水稻磁悬浮败血症黄疸吉林地震消息心肌缺血胃肠感冒血栓甲醛江苏神舟飞船肺纹理食道癌单核细胞传感器江西人工受孕预防针血浆安全知识奶粉事件辽宁胃肠感冒血栓心肌缺血碳纤维免疫力低下内蒙古胃肠感冒心肌缺血云计算更年期酵素宁夏防火安全知识网络安全3D环保青海3D安乃近积液消糜栓健康体检山东云服务血糖高股骨头坏死磁共振光伏发电山西煤光伏发电太阳能发电安全知识利巴韦林陕西雾霾天然气空气质量利巴韦林甲醇上海磁悬浮空气质量PM2.5肺纹理数据库四川忧郁症地震消息血浆银屑病空气质量天津地震消息气温混合动力雾霾大气污染西藏3D食物中毒紫外线卫星霍金预言新疆地震消息人工受孕灰指甲网络安全前列腺增生云南3D紫外线人工受孕丙肝卫星浙江垃圾处理流感台风磁共振癌症抗原重庆食品安全败血症造影病毒人工智能', '省份', '关注点1', '关注点2', '关点3', '关注点4', '关注点5', '安徽', '人工受孕', '奶粉事件', '日全食', '磁共振', '食道癌', '北京', 'PM2.5', '雾霾', '大气污染', '数据库', '大数据', '福建', '台风', '垃圾处理', '地震消息', '安全知识', '喉咙发炎', '甘肃', '安乃近', '药物流产', '丙肝', '地震消息', '食品安全', '广东', '喉咙发炎', '基因检测', '台风', '鼻咽癌', '芯片', '广西', '网络安全', '喉咙发炎', '基因检测', '鼻咽癌', '卫星', '贵州', '人工受孕', '大数据', '3D', '卫星', '肺结核', '海南', '台风', '紫外线', '海啸', '健康体检', '空难', '河北', '酵素', '腰间盘突出', '股骨头坏死', '尿路感染', '月全食', '河南', '人工受孕', '安乃近', '光伏发电', '胃肠炎', '灰指甲', '黑龙江', '胃肠感冒', '造影', '酵素', '更年期', '甲状腺癌', '湖北', '根管治疗', '天然气', '日全食', '智能', '软件开发', '湖南', '软件开发', '杂交水稻', '磁悬浮', '败血症', '黄疸', '吉林', '地震消息', '心肌缺血', '胃肠感冒', '血栓', '甲醛', '江苏', '神舟飞船', '肺纹理', '食道癌', '单核细胞', '传感器', '江西', '人工受孕', '预防针', '血浆', '安全知识', '奶粉事件', '辽宁', '胃肠感冒', '血栓', '心肌缺血', '碳纤维', '免疫力低下', '内蒙古', '胃肠感冒', '心肌缺血', '云计算', '更年期', '酵素', '宁夏', '防火', '安全知识', '网络安全', '3D', '环保', '青海', '3D', '安乃近', '积液', '消糜栓', '健康体检', '山东', '云服务', '血糖高', '股骨头坏死', '磁共振', '光伏发电', '山西', '煤', '光伏发电', '太阳能发电', '安全知识', '利巴韦林', '陕西', '雾霾', '天然气', '空气质量', '利巴韦林', '甲醇', '上海', '磁悬浮', '空气质量', 'PM2.5', '肺纹理', '数据库', '四川', '忧郁症', '地震消息', '血浆', '银屑病', '空气质量', '天津', '地震消息', '气温', '混合动力', '雾霾', '大气污染', '西藏', '3D', '食物中毒', '紫外线', '卫星', '霍金预言', '新疆', '地震消息', '人工受孕', '灰指甲', '网络安全', '前列腺增生', '云南', '3D', '紫外线', '人工受孕', '丙肝', '卫星', '浙江', '垃圾处理', '流感', '台风', '磁共振', '癌症抗原', '重庆', '食品安全', '败血症', '造影', '病毒', '人工智能', '中国网民科普需求搜索热点', '1、“超级蓝色血月”受到大量关注', '2018年1月31日迎来一次千载难逢的天文奇观“超级蓝色血月”，这是过去152年来超级月亮、蓝月亮和月全食首次同时出现。中国网民对这一事件的内容搜索主要集中在“蓝月亮月全食”、“超级蓝月亮月全食”和“月全食2018蓝月亮”，在1月31日当天达到搜索高峰，相关的科普搜索指数为1345.31万。', '', '2018Q1中国网民对航空航天主题、月食和月全食相关搜索的变化趋势', '2、我国诞生世界首个体细胞克隆猴引起关注', '2018年1月25日，全球顶尖学术期刊《细胞》在线发表了中国科学家的一项成果：成功培育全球首个体细胞克隆猴，分别叫“中中”和“华华”。中国网民对克隆猴相关的搜索在当天到达高峰，搜索指数为31.51万。', '', '2018Q1中国网民对前沿技术主题和克隆猴等相关搜索的变化趋势', '3、河北地震事件引发网民的热搜', '2018年2月12日18时31分，在河北廊坊市永清县发生4.3级地震，当天中国网民对地震相关的搜索指数为200.88万。地震相关搜索的地域数据显示：北京、河北和广东位居前三。', '', '2018Q1中国网民对应急避险主题和地震相关搜索的变化趋势', '“科普中国”专题分析', '1、“科普中国”携手CCTV共议两会热度飙升', '2018年3月15日至19日，科普中国新媒体与CCTV4《中国新闻》特别节目《中国新时代》携手共议两会，带动相关资讯指数飙升，其中3月18日（周六）和19日（周日）两天的资讯指数分别达到3.89万和5.49万。', '从科普搜索情况来看，进入3月下旬，“科普中国”相关搜索指数持续上扬，表明媒体对“科普中国”的大量报道成功吸引了网民对“科普中国”的关注。', '', '2018Q1“科普中国”资讯指数\xa0& 搜索指数', '2、北京、广东、山东等地对“科普中国”的关注度位居前列', '按第一季度科普搜索指数排名，关注度前十的省份是北京（13.05%）、广东（11.04%）、山东（7.09%）、浙江（6.52%）、江苏（5.45%）、河南（4.98%）、云南（4.60%）、安徽（4.15%）、四川（3.74%）、吉林（3.66%）。相较于其对科普总体的关注份额，北京、云南、吉林、宁夏等地网民对“科普中国”的关注份额明显更高。', '', '2018Q1各省网民对“科普中国”的搜索份额', '3、品牌、App、内容、e站是网民对“科普中国”的主要关注点', '第一季度“科普中国”的整体品牌（含义/标识/二维码）和“科普中国App”获得了大部分关注份额（71.09%）。其次是“科普中国”的优质内容（视频/动画/知名栏目）和“科普中国e站”（乡村/社区/校园），分别占9.60%和9.34%。', '此外，微平台（新媒体）、大型活动（典赞/科普中国行/百城千校万村行动）、“V视快递”和“科普中国云”也进入了网民对“科普中国”的关注视野。', '', '2018Q1网民对“科普中国”的关注结构', '']",2018年07月04日 20:48
一季度全国自然灾害1272.2万人次受灾 53亡2失踪,新浪网,"['', '资料图：自然灾害之一――山体塌方。 解天明/图 王剑/文', '近日，民政部、国家减灾委员会办公室会同国土资源部、水利部、农业部、林业局、地震局、气象局、海洋局等部门对2018年一季度全国自然灾害情况进行了会商分析。', '经核定，一季度，我国自然灾害以风雹、低温冷冻和雪灾为主，地震、干旱、洪涝、山体崩塌、滑坡、泥石流和森林火灾等灾害也有不同程度发生。各类自然灾害共造成全国1272.2万人次受灾，53人死亡，2人失踪；5.4万人次紧急转移安置，16.2万人次需紧急生活救助；近3000间房屋倒塌，6000余间严重损坏，14.1万间一般损坏；农作物受灾面积1241.4千公顷，其中绝收69.8千公顷；直接经济损失196.7亿元。总的看，一季度全国灾情与2017年同期相比明显偏重，与近5年同期相比仅次于2013年。', '一季度，全国自然灾害主要有以下特点：', '一是低温雨雪冰冻灾害集中发生。一季度，低温雨雪冰冻灾害集中在1月份发生，中东部地区先后出现三次大范围低温雨雪冰冻天气过程，雨雪覆盖范围高达576万平方公里，平均累计降雪量为2000年以来历史同期次高值(仅次于2008年)。三轮低温雨雪冰冻天气过程高度重叠，中到大雪区域重复落在浙江、安徽、湖北、河南等省，导致部分地区重复受灾且灾情严重。其中，安徽、湖北两省灾情最重，共造成21人死亡，直接经济损失超过100亿元，占一季度低温雨雪冰冻灾害总损失的6成以上。总的看，与近5年同期均值相比，一季度低温雨雪冰冻灾害明显偏重，因灾死亡失踪人口和直接经济损失均为2013年以来同期最高值。', '二是南方多省遭受风雹灾害。一季度，全国共出现1次大范围强对流天气过程，集中在3月初南方大部，特别是江西省雷暴大风尤为严重，共有60个县市出现8级以上短时大风，局地伴有短时强降雨和冰雹，共造成15人死亡。据统计，一季度风雹灾害共造成全国20个省(自治区)134.5万人次受灾，20人死亡，近4000间房屋严重损坏，11.6万间一般损坏，直接经济损失18.2亿元。总的看，与近5年同期均值相比，一季度风雹灾害总体偏重，因灾死亡失踪人口、倒损房屋数量和直接经济损失均为2013年以来同期次高值(仅次于2013年)。', '三是地震灾害造成一定影响。一季度，我国大陆地区未发生5级以上地震。4级以上地震影响主要集中在2月份。其中，2月12日河北省廊坊市永清县发生4.3级地震，首都圈地区有一定震感，但未造成人员伤亡和房屋倒损。云南省短期内连续发生3次4级以上地震，分别是2月9日景洪4.9级地震、2月15日香格里拉4.0级地震和2月20日景东4.0级地震，共造成近1.7万间房屋一般损坏，直接经济损失9000余万元。总的看，与近5年同期均值相比，一季度地震灾害造成了一定影响，但损失偏轻。']",2018年04月10日 10:04
中国2月灾情与近5年同期相比明显偏轻,新浪网,"['', '资料图：受豪雨和台风“泰利”袭台影响，台湾各地的蔬菜批发及零售价格上涨。中新社发 董会峰 摄', '中国民政部、国家减灾委员会办公室9日发布2018年2月份中国自然灾害基本情况。经核定，2月份中国自然灾害以低温冷冻和地震灾害为主，洪涝、风雹、雪灾、崩塌、滑坡和森林火灾等灾害也有不同程度发生。各类自然灾害共造成全国95万人次受灾，2人死亡；1.7万间房屋一般损坏；农作物受灾面积75.3千公顷，其中绝收6千公顷；直接经济损失7.6亿元。总体来看，2月份全国灾情与近5年同期相比明显偏轻。', '2月份，中国自然灾害呈现两大特点。', '一是低温雨雪冰冻灾害影响有限。2月份，全国共出现5次冷空气过程，未出现大范围强降水天气过程，广东、云南等地在月初出现低温冷冻灾害，但灾情同比较轻，造成75.1千公顷农作物受灾，直接经济损失6.3亿元。', '二是地震灾害造成一定影响。2月份，中国大陆地区未发生5级以上地震，4级以上地震发生14次。其中，2月12日河北省廊坊市永清县发生4.3级地震，未造成人员伤亡或房屋倒损。云南省短期内连续发生3次4级以上地震，分别是2月9日景洪4.9级地震、2月15日香格里拉4.0级地震和2月20日景东4.0级地震，共造成近1.7万间房屋一般损坏，直接经济损失9000余万元。(完)']",2018年03月09日 14:38
一季度全国自然灾害1272.2万人次受灾 53亡2失踪,中国新闻网,"['近日，民政部、国家减灾委员会办公室会同国土资源部、水利部、农业部、林业局、地震局、气象局、海洋局等部门对2018年一季度全国自然灾害情况进行了会商分析。', '经核定，一季度，我国自然灾害以风雹、低温冷冻和雪灾为主，地震、干旱、洪涝、山体崩塌、滑坡、泥石流和森林火灾等灾害也有不同程度发生。各类自然灾害共造成全国1272.2万人次受灾，53人死亡，2人失踪；5.4万人次紧急转移安置，16.2万人次需紧急生活救助；近3000间房屋倒塌，6000余间严重损坏，14.1万间一般损坏；农作物受灾面积1241.4千公顷，其中绝收69.8千公顷；直接经济损失196.7亿元。总的看，一季度全国灾情与2017年同期相比明显偏重，与近5年同期相比仅次于2013年。', '一季度，全国自然灾害主要有以下特点：', '一是低温雨雪冰冻灾害集中发生。一季度，低温雨雪冰冻灾害集中在1月份发生，中东部地区先后出现三次大范围低温雨雪冰冻天气过程，雨雪覆盖范围高达576万平方公里，平均累计降雪量为2000年以来历史同期次高值(仅次于2008年)。三轮低温雨雪冰冻天气过程高度重叠，中到大雪区域重复落在浙江、安徽、湖北、河南等省，导致部分地区重复受灾且灾情严重。其中，安徽、湖北两省灾情最重，共造成21人死亡，直接经济损失超过100亿元，占一季度低温雨雪冰冻灾害总损失的6成以上。总的看，与近5年同期均值相比，一季度低温雨雪冰冻灾害明显偏重，因灾死亡失踪人口和直接经济损失均为2013年以来同期最高值。', '二是南方多省遭受风雹灾害。一季度，全国共出现1次大范围强对流天气过程，集中在3月初南方大部，特别是江西省雷暴大风尤为严重，共有60个县市出现8级以上短时大风，局地伴有短时强降雨和冰雹，共造成15人死亡。据统计，一季度风雹灾害共造成全国20个省(自治区)134.5万人次受灾，20人死亡，近4000间房屋严重损坏，11.6万间一般损坏，直接经济损失18.2亿元。总的看，与近5年同期均值相比，一季度风雹灾害总体偏重，因灾死亡失踪人口、倒损房屋数量和直接经济损失均为2013年以来同期次高值(仅次于2013年)。']",2018年04月10日 10:04
河北永清4.3级地震通报：已记录到24次余震 最大1.8级,中国新闻网,"['附：媒体通报会内容', '媒体朋友们，大家好！现在通报关于河北永清4.3地震的最新消息：北京时间2018年2月12日18时31分，在河北永清县(北纬39.37度，东经116.67度)发生4.3级地震，震源深度20km。', '地震发生后，根据《中国地震局地震应急预案》，启动四级应急响应。中国地震局机关、中国地震应急搜救中心、河北省地震局、北京市地震局、天津市地震局、中国地震台网中心等相关单位立即进入应急状态。河北省廊坊市及周边市(区)、县地震部门迅速派出人员开展灾情调查和现场应急工作，并及时向中国地震局报告。', '与此同时，中国地震台网中心与北京局、天津局、河北局等单位的专家利用视频会商系统组织了紧急会商，研究了该地区地震活动特点。', '河北永清4.3级地震发生后，截至21时20分，记录到24次余震，最大余震1.8级。', '1900年以来，震中区50km范围内未记录到5级以上地震，距离最近的5级地震为2006年7月4日河北文安5.1级地震，距本次地震约60km。1970年以来，震中区50km范围内的地震均为孤立型，就是余震的震级显著低于主震震级。', '会商认为，该地震为孤立型地震的可能性很大，河北永清4.3级地震原震区发生更大地震的可能不大。']",2018年02月12日 23:55
永清4.3级地震通报会：记录到24次余震 最大余震1.8级,中国新闻网,"['图片来源：国家地震台网官方微博', '附：媒体通报会内容', '媒体朋友们，大家好！现在通报关于河北永清4.3地震的最新消息：北京时间2018年2月12日18时31分，在河北永清县(北纬39.37度，东经116.67度)发生4.3级地震，震源深度20km。', '地震发生后，根据《中国地震局地震应急预案》，启动四级应急响应。中国地震局机关、中国地震应急搜救中心、河北省地震局、北京市地震局、天津市地震局、中国地震台网中心等相关单位立即进入应急状态。河北省廊坊市及周边市(区)、县地震部门迅速派出人员开展灾情调查和现场应急工作，并及时向中国地震局报告。', '与此同时，中国地震台网中心与北京局、天津局、河北局等单位的专家利用视频会商系统组织了紧急会商，研究了该地区地震活动特点。', '河北永清4.3级地震发生后，截至21时20分，记录到24次余震，最大余震1.8级。', '1900年以来，震中区50km范围内未记录到5级以上地震，距离最近的5级地震为2006年7月4日河北文安5.1级地震，距本次地震约60km。1970年以来，震中区50km范围内的地震均为孤立型，就是余震的震级显著低于主震震级。', '会商认为，该地震为孤立型地震的可能性很大，河北永清4.3级地震原震区发生更大地震的可能不大。']",2018年02月12日 23:55
河北廊坊发生4.3级地震 为何北京会有明显震感？,新京报,"['原标题：河北廊坊永清发生4.3级地震 首都圈5级地震可能性较小', '根据中国地震台网正式测定，2月12日18时31分在河北廊坊市永清县（北纬39.37度，东经116.67度）发生4.3级地震。', '中国地震台网中心介绍，此次地震可能为孤立型，原震区发生更大地震可能性不大。另外，首都圈发生5级以上地震可能性不大。', '此次为孤立型地震', '根据中国地震台网正式测定，此次发生的4.3级地震，震源深度20千米。截至12日20时，共记录到0级以上余震11次，最大余震1.8级。', '地震后，多条关于此次地震的虚假消息在网上传播。其中一条提到，“余震会继续增强，预测震中高峰值将达到6.8级左右，时间预测为凌晨两点至4点，希望震源中心附近的居民紧急疏散”。', '对此，北京市地震局官方微博均进行辟谣，并称本次地震周边曾发生过的立式地震类型大多为孤立型地震，这次地震为孤立型的可能性较大。', '另据廊坊市政府新闻办公室官方微博，网传“永清县9958应急救援队接到通知，今晚11点30分有余震活动”的消息纯属谣言，公安部门正在追查谣言源头，请广大群众勿信勿传谣言，以政府官方发布消息为准。', '探员从中国地震台网中心也了解到，经过分析判定，这次地震为孤立型，原震区发生更大地震可能性不大。此外，首都圈发生5级以上地震可能性不大。', '据介绍，孤立型地震是指前震、余震都很稀少且与主震震级相差非常大的地震序列，整个序列的地震能量基本上通过主震一次释放出来。', '暂未收到伤亡报告', '12日晚，重案组37号从永清县政府办获悉，当地暂未收到伤亡、灾情报告。永清县政府办一位工作人员介绍，由于地震发生时间较短，他们正抓紧了解、统计各乡镇情况，暂未收到伤亡、灾情报告。据中国地震台网消息，地震周边5公里内村庄有辛务村、小站村、左奕村、焦庄村、北刘庄村、东西溜村、西西溜村、北上村、大站村、横亭村；20公里内乡镇有别古庄镇、韩村镇、调和头乡、仇庄乡、码头镇、曹家务乡、杨税务乡、葛渔城镇、里澜城镇。永清县政府办工作人员表示，县地震局工作人员正赶赴现场了解情况。', '此外，当地正对全县震情进行全面排查，重点排查敬老院、五保户等弱势群体，以及农村危旧房屋情况。经排查，截至12日21时，全县无人员伤亡及财产损失。', '北京有明显震感18时31分左右，在北京上班的小赵（化名）微信群分别被同一条消息引爆，“感觉好晃”、“是不是地震了”等。与此同时，正在刘家窑附近的他也感觉到整个楼晃动，并起身准备离开。朋友圈也涌进数十条消息，不同坐标的市民纷纷分享感受，有人甚至跑到了楼下。根据北京市地震局官方微博介绍，北京地区受地震影响，仪器记录烈度最大为4度，地点为通州区于家务乡，其他地区大部分为2到3度。监测仪器记录震感与市民反馈基本一致。此外，据市地震局介绍，北京市所有行政区均有明显震感，但晃动持续时间短，仅2秒左右。北京市地震局已派出2组现场工作队前往震中，核实震情。根据目前监测数据结果分析，没有发现地震异常情况。', '释疑', '为何北京有明显震感？', '此次地震发生在河北廊坊市永清县，为何北京市民有明显震感？中国地震台网中心研究员孙士宏解释，地震的破坏程度与烈度有关，能够反映地震发生后，地表的破坏程度。烈度越高，破坏力越大。根据中国地震台网发布的消息，震中周边人口密集，有感范围较大，震中距离北京城区约65公里。此外，据市地震局消息，此次地震中，北京地区仪器记录烈度最大为4度，地点为通州区于家务乡，其他地区大部分为2到3度。中国地震台网中心研究员孙士宏解释，如果烈度为3到4度，室内多数人会有感觉，室外的感觉较小。同时，地震有感范围大小也与震源深度有关。“此次地震震源深度20公里，地震波传播更广，外围的有感范围更大一些”。此外，如果市民在高楼内，高层也一定程度会放大这种震感。', '影响', '京沪高铁、京沪、京九线短时停运巡检12日21点03分，探员从中国铁路北京局集团获悉，受廊坊地震影响的京沪高铁、京沪、京九线恢复正常运行。据统计，由于正值春运期间，受廊坊地震影响的列车数量众多，至少包括K285、T124、T231、Z9、Z17、Z51、Z65、Z67、Z71、Z107、Z133、G18、G333、G1567、G4961、G509等多趟。', '部分旅客反映，因线路检修而导致的列车紧急停靠时间长达2小时以上，短则数分钟。北京铁路官方微博发布消息称，“地震后，为确保旅客列车安全，中国铁路北京局集团立即启动应急预案，停扣途径京沪高铁、京沪和京九线通过该区段的上下线行旅客列车，正组织人员对线路进行巡检，导致部分旅客列车晚点。”', '点击进入专题', '']",2018年02月13日 00:04
廊坊永清县发生4.3级地震,北京晨报,"['', '“是地震了吗？感觉到楼震了一下！”“地震了，刚才窗户晃悠了。”“我躺在沙发上呢，感觉对面的柜子左右晃动了几下，我赶紧起来了！”昨天18点半左右，不少北京市民发朋友圈称，感觉到明显的震感。随后，中国地震台网中心证实，河北廊坊市永清县发生4.3级地震，震中距离北京城区65公里，本市多区居民有震感。', '时间：2月12日18时31分', '震级：4.3级', '震中：北纬39.4度\xa0东经116.7度', '震源深度：20公里', '距离北京城区:65公里', '震中距离北京城区65公里', '据中国地震台网中心发布的正式测定信息，2月12日18时31分，河北廊坊市永清县（北纬39.4度、东经116.7度）发生4.3级地震，震源深度20公里。', '据中国地震局“河北永清4.3级地震”情况通报会消息，地震发生后，截至昨天21时20分，记录到0级以上余震24次，最大余震1.8级。', '中国地震台网中心官方微博称，震中周边人口密集，有感范围大，震中距离北京城区65公里，震中100公里范围内约有移动人口5741万。据了解，北京市，天津市，河北省廊坊市、唐山市、沧州市、承德市、衡水市、保定市等地有不同强度震感。', '发生更大地震的可能性不大', '震情发生后，河北省委省政府高度重视，省委书记王东峰、省长许勤第一时间作出指示，部署省政府主管领导及廊坊市领导赶赴现场。廊坊市委、市政府，永清县委、县政府立即启动应急响应，市、县主要领导和相关领导立刻赶赴震中区域，了解、指导抗震工作。县政府同步下发紧急通知，对全县震情进行全面排查，重点排查敬老院、五保户等弱势群体，以及农村危旧房屋情况。经排查，截至昨天21时，全县无人员伤亡及财产损失。', '据中国地震台网中心与河北、北京、天津三省（市）地震局联合会商，认为本次地震为孤立型地震可能性较大，发生更大地震的可能性不大。', '■专家说法', '首都圈地震活动频次较少', '中国地震台网中心研究员孙士\xa0\xa0告诉北京晨报记者，首都圈地质运动相对稳定，发生地震的次数相对较少。1996年12月16日，顺义曾发生了一次4级地震；2006年7月4日，河北沧州文安县发生了一次5.1级地震，北京有震感。孙士\xa0\xa0指出，距离文安县的5.1级地震已有11年多，首都圈的地震活动频次较少，活动水平较低。', '中国地震台网中心研究员周龙泉表示，一次地震之后发生余震很正常，目前看本次地震为孤立型，原震区发生更大地震的可能性不大。']",2018年02月13日 00:24
刚刚，河北永清发生4.3级地震｜震中距北京城仅65公里,新浪网,"['#地震快讯#中国地震台网正式测定：02月12日18时31分在河北廊坊市永清县（北纬39.37度，东经116.67度）发生4.3级地震，震源深度20千米。', '震中周边人口密集，有感范围较大，震中距离北京城区约65公里。据移动人口大数据分析，震中20公里范围内人口数约106万，50公里范围内约1007万，100公里范围内约5741万。', '', '震中距安次区15公里、距永清县16公里、距广阳区17公里、距固安县33公里、距霸州市36公里，距廊坊市19公里，距天津市56公里。', '震中周边200公里内近5年来发生3级以上地震共11次，最大地震是2014年9月6日在河北省张家口市涿鹿县发生的4.3级地震（距离本次震中150公里），历史地震分布如图。', '', '过去五年，河北共发生三级以上地震21次，其中3.0到3.9级16次，4.0到4.9级5次，5.0级以上0次，最大地震是2014年9月6日在河北省张家口市涿鹿县发生的4.3级地震和本次地震。现决定启动中国地震局#河北永清4.3级地震#四级应急响应，请各工作组迅速开展应急处置工作。', '来源：中国地震台网速报新浪微博']",2018年02月12日 22:01
永清地震通报会：中国地震局等单位进入应急状态,新浪网,"['2月12日18时31分，河北永清发生4.3级地震，中国地震局和中国地震台网中心立即启动应急响应，并在晚上9时30分召开了媒体通报会。', '媒体朋友们，大家好！现在通报关于河北永清4.3地震的最新消息：北京时间2018年2月12日18时31分，在河北永清县（北纬39.37度，东经116.67度）发生4.3级地震，震源深度20km。', '地震发生后，根据《中国地震局地震应急预案》，启动四级应急响应。中国地震局机关、中国地震应急搜救中心、河北省地震局、北京市地震局、天津市地震局、中国地震台网中心等相关单位立即进入应急状态。河北省廊坊市及周边市（区）、县地震部门迅速派出人员开展灾情调查和现场应急工作，并及时向中国地震局报告。', '与此同时，中国地震台网中心与北京局、天津局、河北局等单位的专家利用视频会商系统组织了紧急会商，研究了该地区地震活动特点。', '河北永清4.3级地震发生后，截至21时20分，记录到24次余震，最大余震1.8级。', '1900年以来，震中区50km范围内未记录到5级以上地震，距离最近的5级地震为2006年7月4日河北文安5.1级地震，距本次地震约60km。1970年以来，震中区50km范围内的地震均为孤立型，就是余震的震级显著低于主震震级。', '会商认为，该地震为孤立型地震的可能性很大，河北永清4.3级地震原震区发生更大地震的可能不大。']",2018年02月12日 23:03
河北永清4.3级地震后谣言不断 权威部门连续辟谣,新浪网,"['', '来源：国家地震台网官方微博', '震中周边人口密集 北京有震感', '据国家地震台网官方微博消息，此次地震，震中周边人口密集，有感范围较大。', '震中距离北京城区约65公里、距安次区15公里、距永清县16公里、距广阳区17公里、距固安县33公里、距霸州市36公里，距廊坊市19公里，距天津市56公里。', '河北省廊坊市、北京市、天津市、河北省唐山市、沧州市、承德市、衡水市、保定市等地有不同强度震感。', '据移动人口大数据分析，震中20公里范围内人口数约106万，50公里范围内约1007万，100公里范围内约5741万。', '本次地震周边5公里内的村庄有辛务村、小站村、左奕村、焦庄村、北刘庄村、东西溜村、西西溜村、北上村、大站村、横亭村，20公里内的乡镇有别古庄镇、韩村镇、调和头乡、仇庄乡、码头镇、曹家务乡、杨税务乡、葛渔城镇、里澜城镇。', '专家解读：孤立型地震 影响较小', '记者了解到，震中周边200公里内近5年来发生3级以上地震共11次，最大地震是2014年9月6日在河北省张家口市涿鹿县发生的4.3级地震(距离本次震中150公里)。', '过去五年，河北共发生三级以上地震21次，其中3.0到3.9级16次，4.0到4.9级5次，5.0级以上0次，最大地震是2014年9月6日在河北省张家口市涿鹿县发生的4.3级地震和本次地震。', '对此次地震成因，中国地震台网中心地震预报部主任蒋海昆接受中新网记者采访时表示，历史上，这个地方的地震并不活跃，此次地震是孤立型，和唐山大地震是完全不同的构造体系。后续有同样乃至更大震级地震的可能性不大。', '中国地震台网中心研究员孙士f也分析，因为此次地震构造规模不大，震级较低，预计不会对人们的生活造成太大的影响。', '', '来源：网页截图', '“朋友圈”接连出现余震谣言 权威部门辟谣', '此次地震没过多久，网上有消息称河北省廊坊市永清县9958应急救援队接到通知，今晚11点30分有余震活动。', '随后，河北省廊坊市人民政府新闻办公室官方微博辟谣称，上述消息纯属谣言，公安部门正在追查谣言的源头，请广大群众勿信勿传谣言，以权威发布为准。', '此外，记者注意到，朋友圈还出现了另外一条消息，内容为“检测局紧急通知，因地壳变动今晚津京冀地区，八点到凌晨六点有间接性地震发生，3～5级，请大家做好避震准备以防有危险发生。检测局2018.2.12 16点40分通知”', '随后中国地震台网官方微博立即辟谣，称地震系统没有检测局这个单位，目前信息显示这次地震可能为孤立型，原震区发生更大地震可能性不大。', '中国地震台网官方微博还提醒大家“遇到地震传言时请不信谣、不传谣！”', '中国地震局启动四级地震应急响应', '中国地震局于12日晚决定，根据《中国地震局地震应急预案》，启动四级应急响应。', '此外，中国地震局机关、中国地震应急搜救中心、河北省地震局、北京市地震局、天津市地震局、中国地震台网中心等相关单位立即进入应急状态，做好应急值守、信息汇总、余震监测、地震趋势研判、灾害调查评估、社会稳定等工作。', '河北省廊坊市及周边市(区)、县地震部门迅速派出人员开展灾情调查和现场应急工作，并及时向中国地震局报告。', '另外，中国地震局将视情派出地震现场应急工作队。同时，中国地震局有关直属单位将按《中国地震局地震应急预案》的要求开展相关工作。(完)']",2018年02月12日 21:20
河北廊坊市永清县发生4.3级地震，震源深度20千米,新浪网,"['@中国地震台网速报2月12日消息，中国地震台网自动测定：02月12日18时31分在河北廊坊市永清县附近（北纬39.38度，东经116.66度）发生4.4级左右地震，最终结果以正式速报为准。中国地震台网正式测定：02月12日18时31分在河北廊坊市永清县（北纬39.37度，东经116.67度）发生4.3级地震，震源深度20千米。', '震中周边人口密集，有感范围较大，震中距离北京城区约65公里。据移动人口大数据分析，震中20公里范围内人口数约106万，50公里范围内约1007万，100公里范围内约5741万。', '本次地震周边5公里内的村庄有辛务村、小站村、左奕村、焦庄村、北刘庄村、东西溜村、西西溜村、北上村、大站村、横亭村，20公里内的乡镇有别古庄镇、韩村镇、调和头乡、仇庄乡、码头镇、曹家务乡、杨税务乡、葛渔城镇、里澜城镇。', '震中距安次区15公里、距永清县16公里、距广阳区17公里、距固安县33公里、距霸州市36公里，距廊坊市19公里，距天津市56公里。', '震中周边200公里内近5年来发生3级以上地震共11次，最大地震是2014年9月6日在河北省张家口市涿鹿县发生的4.3级地震（距离本次震中150公里），历史地震分布如图。', '现决定启动中国地震局#河北永清4.3级地震#四级应急响应，请各工作组迅速开展应急处置工作。中国地震局', '另据@天津广播【天津地震局启动三级应急响应 现场工作队已经赶赴永清】天津市地震局副局长陈宇坤表示，由于此次地震距离天津市区较近，震源深度较浅，本市大部分地区震感明显。天津市地震局启动三级应急响应，正在派现场工作队赶赴河北永清，天津市地震局专家也在对地震形势进行研判分析。初步判定这是天津周边地区地震正常活动，不会对天津造成影响。']",2018年02月13日 07:20
【河北永清县发生4.3级地震】专家：原震区后续再发生类似规模地震的可能性非常小,央视,"['', '中国地震台网正式测定：02月12日18时31分，在河北廊坊市永清县(北纬39.37度，东经116.67度)发生4.3级地震，震源深度20公里。这次地震导致京津冀有明显震感，央视记者崔世杰目前就在中国地震台网中心，有关这次地震的详细情况，我们现在就连线他。', '河北4.3级地震 北京有明显震感', '', '央视记者 崔世杰：18时31分永清县发生地震以后，中国地震局就紧急召开相关单位视频连线，会商当地情况。目前，现场会商仍然在继续。中国地震台网中心在地震发生后也紧急召集了专家，对这次地震的相关参数和为什么在这个地方发生地震做了一个会商。地震点永清县距离北京60公里，距离天津55公里，永清县发生地震后，北京和天津都有明显震感。现在，请中国地震台网中心预报部主任蒋海昆给我们具体讲解这次地震到底是一个什么样的情况。', '', '央视记者 崔世杰：蒋主任，请您先给我们讲一下这次地震为什么会在永清县这里发生呢？', '', '中国地震台网中心预报部主任 蒋海昆：实际上这种小的地震只要有小构造的地方都有可能发生，所以在这地方没有特殊的含义。因为它的发生构造，从我们现在初步的研究结果来看，是一个非常小规模的，叫作河西务断裂。那么不到三四公里这样小的断裂，所以它的强度也就是这么低。从历史上活动来看，这个地方七零年以来，50公里范围内，我们4级以上地震大概记到过四次，所以这次地震也不显得特别突兀，以往四次地震里面最大的震级到过4.7。另外一个的话，从这个地方的地震活动特点来看，是孤立型为主。所谓孤立型，就是一次地震发生后，后续余震的强度会明显低。所以到目前为止，截止到今晚8点，我们记录到22次小地震，最大就是1.3级。所以我们估计这个地方的余震也就是1~2级这种规模，大家通常感觉不到。', '央视记者 崔世杰：这次地震实际上是给北京以及天津造成比较明显的震感。我们可以说明显，但不是很强烈。我当时在22楼的时候就感觉到了非常明显的上下晃动，时间虽然不长，但是在1分钟之内又来了一次上下的震荡。您可以说一下这次地震的影响范围吗？', '', '中国地震台网中心预报部主任 蒋海昆：这次地震之所以大家感觉比较强烈，实际是两个原因。一个是这次地震的震源深度相对深，大概是20公里左右，初步定的结果。这样的话，地震深了后，它的传播影响范围就会比较大，地震波。另外一个就是北京、天津都是高层建筑比较多，有感基本是在高层，这会有一个放大的效应，你要是在马路上，或者在低层里面，不会太多人感觉到的。感觉到的，有感的，基本是高层建筑里面的，特别是住的高的这样一些人有感。所以，两个原因，一个是高层多，第二个是震源深，初步分析是这样的原因。', '央视记者 崔世杰：我当时就在22楼，就感觉到非常明显的上下晃动。但是在一楼啊，其他的一些朋友，在地面上的那些啊，确实没有太怎么感觉到这次的地震。另外，再说一下老百姓特别感兴趣的，特别关心的一件事情，就是这次4.3级明显的地震之后，后续还有没有更大的地震呢？', '', '\u200b中国地震台网中心预报部主任 蒋海昆：刚才我讲过了，从历史地震活动来看，这个地方地震类型是以孤立性为主。所谓孤立性，就是孤零零一个大的，后面跟着的非常小，和它震级差距是比较大的。那么刚才我讲过，一般是超2.4级以上，所以4.3级地震它的余震可能就分布在1~2级这个范围内，大家不用惊慌。那么冷的天，该进屋还是要进屋。我们也分析，原震区短时间内再发生类似规模地震的可能性非常小。']",2018年02月12日 22:45
廊坊永清县发生4.3级地震 专家：发生更大地震的可能性不大,新浪网,"['“是地震了吗？感觉到楼震了一下！”“地震了，刚才窗户晃悠了。”“我躺在沙发上呢，感觉对面的柜子左右晃动了几下，我赶紧起来了！”昨天18点半左右，不少北京市民发朋友圈称，感觉到明显的震感。随后，中国地震台网中心证实，河北廊坊市永清县发生4.3级地震，震中距离北京城区65公里，本市多区居民有震感。', '', '时间：2月12日18时31分', '震级：4.3级', '震中：北纬39.4度\xa0东经116.7度', '震源深度：20公里', '距离北京城区:65公里', '震中距离北京城区65公里', '据中国地震台网中心发布的正式测定信息，2月12日18时31分，河北廊坊市永清县（北纬39.4度、东经116.7度）发生4.3级地震，震源深度20公里。', '据中国地震局“河北永清4.3级地震”情况通报会消息，地震发生后，截至昨天21时20分，记录到0级以上余震24次，最大余震1.8级。', '中国地震台网中心官方微博称，震中周边人口密集，有感范围大，震中距离北京城区65公里，震中100公里范围内约有移动人口5741万。据了解，北京市，天津市，河北省廊坊市、唐山市、沧州市、承德市、衡水市、保定市等地有不同强度震感。', '发生更大地震的可能性不大', '震情发生后，河北省委省政府高度重视，省委书记王东峰、省长许勤第一时间作出指示，部署省政府主管领导及廊坊市领导赶赴现场。廊坊市委、市政府，永清县委、县政府立即启动应急响应，市、县主要领导和相关领导立刻赶赴震中区域，了解、指导抗震工作。县政府同步下发紧急通知，对全县震情进行全面排查，重点排查敬老院、五保户等弱势群体，以及农村危旧房屋情况。经排查，截至昨天21时，全县无人员伤亡及财产损失。', '据中国地震台网中心与河北、北京、天津三省（市）地震局联合会商，认为本次地震为孤立型地震可能性较大，发生更大地震的可能性不大。', '■专家说法', '首都圈地震活动频次较少', '中国地震台网中心研究员孙士\xa0\xa0告诉北京晨报记者，首都圈地质运动相对稳定，发生地震的次数相对较少。1996年12月16日，顺义曾发生了一次4级地震；2006年7月4日，河北沧州文安县发生了一次5.1级地震，北京有震感。孙士\xa0\xa0指出，距离文安县的5.1级地震已有11年多，首都圈的地震活动频次较少，活动水平较低。', '中国地震台网中心研究员周龙泉表示，一次地震之后发生余震很正常，目前看本次地震为孤立型，原震区发生更大地震的可能性不大。', '此外，中国地震台网中心副主任刘桂萍解释称，这次地震应该说是一次中等地震，震中的震感会强烈一些。由于深度比较深，所以震感范围比较大，北京一些区域也有轻微震感，但这样的地震不会发生大的破坏。']",2018年02月13日 00:38
专家：河北永清4.3级地震原震区发生更大地震可能不大,新浪网,"['中新社北京2月12日电 (张子胥 张素)中国地震台网中心副主任刘桂萍12日晚在北京举行的通报会上表示，专家会商认为，河北永清4.3级地震为孤立型地震的可能性很大，河北永清4.3级地震原地震区发生更大地震的可能不大。', '2月12日18时31分，河北省永清县(北纬39.37度，东经116.67度)发生4.3级地震，震源深度20千米。截至21时20分，中国地震台网中心共记录到24次余震，最大余震1.8级。', '官方根据《中国地震局地震应急预案》启动了四级应急响应。中国地震应急搜救中心、河北省地震局、北京市地震局、天津市地震局、中国地震台网中心等机构进入应急状态，河北省廊坊市及周边市区县地震部门派出人员开展灾情调查和现场应急工作。', '中国地震台网中心与河北省地震局、北京市地震局、天津市地震局等机构的专家利用视频会商系统进行会商，研究了该地区地震活动特点。专家初步判定，此次地震发生在河西务断裂附近，地震震中周边地区短期异常不突出，震后余震很少、震级也很小，原震区再次发生4级以上地震的可能性不大。', '刘桂萍介绍，1900年以来，此次地震震中区50千米范围内未记录到5级以上地震。距离最近的5级地震是2006年7月4日河北文安5.1级地震，距离本次地震约60千米。1970年以来，震中区50千米范围内的地震均为孤立型，即余震震级显著低于主震震级。', '“未来可能会有一些余震引起轻微震感。”刘桂萍强调，河北永清4.3级地震是一次中等地震，震源深度较大，因而震感范围较大，包括北京、天津等区域均有震感，不过该地震不会对建筑物造成太大破坏，因此民众无需恐慌。(完)']",2018年02月12日 23:48
河北永清4.3级地震后谣言不断 权威部门连续辟谣,新浪网,"['', '来源：国家地震台网官方微博', '震中周边人口密集 北京有震感', '据国家地震台网官方微博消息，此次地震，震中周边人口密集，有感范围较大。', '震中距离北京城区约65公里、距安次区15公里、距永清县16公里、距广阳区17公里、距固安县33公里、距霸州市36公里，距廊坊市19公里，距天津市56公里。', '河北省廊坊市、北京市、天津市、河北省唐山市、沧州市、承德市、衡水市、保定市等地有不同强度震感。', '据移动人口大数据分析，震中20公里范围内人口数约106万，50公里范围内约1007万，100公里范围内约5741万。', '本次地震周边5公里内的村庄有辛务村、小站村、左奕村、焦庄村、北刘庄村、东西溜村、西西溜村、北上村、大站村、横亭村，20公里内的乡镇有别古庄镇、韩村镇、调和头乡、仇庄乡、码头镇、曹家务乡、杨税务乡、葛渔城镇、里澜城镇。', '专家解读：孤立型地震影响较小', '记者了解到，震中周边200公里内近5年来发生3级以上地震共11次，最大地震是2014年9月6日在河北省张家口市涿鹿县发生的4.3级地震(距离本次震中150公里)。', '过去五年，河北共发生三级以上地震21次，其中3.0到3.9级16次，4.0到4.9级5次，5.0级以上0次，最大地震是2014年9月6日在河北省张家口市涿鹿县发生的4.3级地震和本次地震。', '对此次地震成因，中国地震台网中心地震预报部主任蒋海昆接受中新网记者采访时表示，历史上，这个地方的地震并不活跃，此次地震是孤立型，和唐山大地震是完全不同的构造体系。后续有同样乃至更大震级地震的可能性不大。', '中国地震台网中心研究员孙士f也分析，因为此次地震构造规模不大，震级较低，预计不会对人们的生活造成太大的影响。', '', '来源：网页截图', '“朋友圈”接连出现余震谣言权威部门辟谣', '此次地震没过多久，网上有消息称河北省廊坊市永清县9958应急救援队接到通知，今晚11点30分有余震活动。', '随后，河北省廊坊市人民政府新闻办公室官方微博辟谣称，上述消息纯属谣言，公安部门正在追查谣言的源头，请广大群众勿信勿传谣言，以权威发布为准。', '此外，记者注意到，朋友圈还出现了另外一条消息，内容为“检测局紧急通知，因地壳变动今晚津京冀地区，八点到凌晨六点有间接性地震发生，3～5级，请大家做好避震准备以防有危险发生。检测局2018.2.12 16点40分通知”', '随后中国地震台网官方微博立即辟谣，称地震系统没有检测局这个单位，目前信息显示这次地震可能为孤立型，原震区发生更大地震可能性不大。', '中国地震台网官方微博还提醒大家“遇到地震传言时请不信谣、不传谣！”', '中国地震局启动四级地震应急响应', '中国地震局于12日晚决定，根据《中国地震局地震应急预案》，启动四级应急响应。', '此外，中国地震局机关、中国地震应急搜救中心、河北省地震局、北京市地震局、天津市地震局、中国地震台网中心等相关单位立即进入应急状态，做好应急值守、信息汇总、余震监测、地震趋势研判、灾害调查评估、社会稳定等工作。', '河北省廊坊市及周边市(区)、县地震部门迅速派出人员开展灾情调查和现场应急工作，并及时向中国地震局报告。', '另外，中国地震局将视情派出地震现场应急工作队。同时，中国地震局有关直属单位将按《中国地震局地震应急预案》的要求开展相关工作。(完)']",2018年02月12日 21:51
河北廊坊官方：永清目前无人员伤亡及财产损失,新浪网,"['据悉，震情发生后，廊坊市委、市政府，永清县委、县政府高度重视，立即启动应急响应，市、县主要领导和相关领导立刻赶赴震中区域，了解、指导抗震工作。县政府同步下发紧急通知，对全县震情进行全面排查，重点排查敬老院、五保户等弱势群体，以及农村危旧房屋情况。经排查，截至2月12日21时，全县无人员伤亡及财产损失。', '12日18时31分，经中国地震台测定，永清县发生4.3级地震，震源深度20千米。震中心位于北纬39.38度，东经116.66度，地震周边5公里内村庄有小站村、辛务村、左奕村、焦庄村、北刘庄村、东西溜村、西西溜村、北上村、大站村、横亭村等10个村庄。', '据中国地震台网官方微博发布称，此次地震属于孤立性，基本不会有更大震级的地震。另据廊坊市人民政府新闻办公室官方微博“廊坊发布”公布消息，目前网传“永清县9958应急救援队接到通知，今晚11点30分有余震活动”的消息纯属谣言，公安部门正在追查谣言的源头，请广大群众勿信勿传谣言，以政府官方发布消息为准。后续消息，持续发布。(完)', '中新网廊坊2月12日电 (记者 宋敏涛)河北省廊坊市人民政府新闻办12日透露，当晚永清县发生4.3级地震，经排查，截至2月12日21时，全县无人员伤亡及财产损失。', '据悉，震情发生后，廊坊市委、市政府，永清县委、县政府高度重视，立即启动应急响应，市、县主要领导和相关领导立刻赶赴震中区域，了解、指导抗震工作。县政府同步下发紧急通知，对全县震情进行全面排查，重点排查敬老院、五保户等弱势群体，以及农村危旧房屋情况。经排查，截至2月12日21时，全县无人员伤亡及财产损失。', '12日18时31分，经中国地震台测定，永清县发生4.3级地震，震源深度20千米。震中心位于北纬39.38度，东经116.66度，地震周边5公里内村庄有小站村、辛务村、左奕村、焦庄村、北刘庄村、东西溜村、西西溜村、北上村、大站村、横亭村等10个村庄。', '据中国地震台网官方微博发布称，此次地震属于孤立性，基本不会有更大震级的地震。另据廊坊市人民政府新闻办公室官方微博“廊坊发布”公布消息，目前网传“永清县9958应急救援队接到通知，今晚11点30分有余震活动”的消息纯属谣言，公安部门正在追查谣言的源头，请广大群众勿信勿传谣言，以政府官方发布消息为准。后续消息，持续发布。(完)']",2018年02月13日 09:02
永清地震通报会：中国地震局等单位进入应急状态,中国地震局网站,"['媒体朋友们，大家好！现在通报关于河北永清4.3地震的最新消息：北京时间2018年2月12日18时31分，在河北永清县（北纬39.37度，东经116.67度）发生4.3级地震，震源深度20km。', '地震发生后，根据《中国地震局地震应急预案》，启动四级应急响应。中国地震局机关、中国地震应急搜救中心、河北省地震局、北京市地震局、天津市地震局、中国地震台网中心等相关单位立即进入应急状态。河北省廊坊市及周边市（区）、县地震部门迅速派出人员开展灾情调查和现场应急工作，并及时向中国地震局报告。', '与此同时，中国地震台网中心与北京局、天津局、河北局等单位的专家利用视频会商系统组织了紧急会商，研究了该地区地震活动特点。', '河北永清4.3级地震发生后，截至21时20分，记录到24次余震，最大余震1.8级。', '1900年以来，震中区50km范围内未记录到5级以上地震，距离最近的5级地震为2006年7月4日河北文安5.1级地震，距本次地震约60km。1970年以来，震中区50km范围内的地震均为孤立型，就是余震的震级显著低于主震震级。', '会商认为，该地震为孤立型地震的可能性很大，河北永清4.3级地震原震区发生更大地震的可能不大。', '有关此次地震情况，请关注中国地震局门户网站、中国地震台网中心门户网站、中国地震台网速报微博。', '点击进入专题']",2018年02月12日 22:52
【河北永清县发生4.3级地震】专家：原震区后续再发生类似规模地震的可能性非常小,央视,"['', '中国地震台网正式测定：02月12日18时31分，在河北廊坊市永清县(北纬39.37度，东经116.67度)发生4.3级地震，震源深度20公里。这次地震导致京津冀有明显震感，央视记者崔世杰目前就在中国地震台网中心，有关这次地震的详细情况，我们现在就连线他。', '河北4.3级地震 北京有明显震感', '', '央视记者 崔世杰：18时31分永清县发生地震以后，中国地震局就紧急召开相关单位视频连线，会商当地情况。目前，现场会商仍然在继续。中国地震台网中心在地震发生后也紧急召集了专家，对这次地震的相关参数和为什么在这个地方发生地震做了一个会商。地震点永清县距离北京60公里，距离天津55公里，永清县发生地震后，北京和天津都有明显震感。现在，请中国地震台网中心预报部主任蒋海昆给我们具体讲解这次地震到底是一个什么样的情况。', '', '央视记者 崔世杰：蒋主任，请您先给我们讲一下这次地震为什么会在永清县这里发生呢？', '', '中国地震台网中心预报部主任 蒋海昆：实际上这种小的地震只要有小构造的地方都有可能发生，所以在这地方没有特殊的含义。因为它的发生构造，从我们现在初步的研究结果来看，是一个非常小规模的，叫作河西务断裂。那么不到三四公里这样小的断裂，所以它的强度也就是这么低。从历史上活动来看，这个地方七零年以来，50公里范围内，我们4级以上地震大概记到过四次，所以这次地震也不显得特别突兀，以往四次地震里面最大的震级到过4.7。另外一个的话，从这个地方的地震活动特点来看，是孤立型为主。所谓孤立型，就是一次地震发生后，后续余震的强度会明显低。所以到目前为止，截止到今晚8点，我们记录到22次小地震，最大就是1.3级。所以我们估计这个地方的余震也就是1~2级这种规模，大家通常感觉不到。', '央视记者 崔世杰：这次地震实际上是给北京以及天津造成比较明显的震感。我们可以说明显，但不是很强烈。我当时在22楼的时候就感觉到了非常明显的上下晃动，时间虽然不长，但是在1分钟之内又来了一次上下的震荡。您可以说一下这次地震的影响范围吗？', '', '中国地震台网中心预报部主任 蒋海昆：这次地震之所以大家感觉比较强烈，实际是两个原因。一个是这次地震的震源深度相对深，大概是20公里左右，初步定的结果。这样的话，地震深了后，它的传播影响范围就会比较大，地震波。另外一个就是北京、天津都是高层建筑比较多，有感基本是在高层，这会有一个放大的效应，你要是在马路上，或者在低层里面，不会太多人感觉到的。感觉到的，有感的，基本是高层建筑里面的，特别是住的高的这样一些人有感。所以，两个原因，一个是高层多，第二个是震源深，初步分析是这样的原因。', '央视记者 崔世杰：我当时就在22楼，就感觉到非常明显的上下晃动。但是在一楼啊，其他的一些朋友，在地面上的那些啊，确实没有太怎么感觉到这次的地震。另外，再说一下老百姓特别感兴趣的，特别关心的一件事情，就是这次4.3级明显的地震之后，后续还有没有更大的地震呢？', '', '\u200b中国地震台网中心预报部主任 蒋海昆：刚才我讲过了，从历史地震活动来看，这个地方地震类型是以孤立性为主。所谓孤立性，就是孤零零一个大的，后面跟着的非常小，和它震级差距是比较大的。那么刚才我讲过，一般是超2.4级以上，所以4.3级地震它的余震可能就分布在1~2级这个范围内，大家不用惊慌。那么冷的天，该进屋还是要进屋。我们也分析，原震区短时间内再发生类似规模地震的可能性非常小。']",2018年02月12日 22:17
河北永清4.3级地震后现24次余震 专家:不会有破坏,新浪网,"['此次河北永清4.3级地震，震源深度20公里。河北省廊坊市、北京市、天津市、河北省唐山市、沧州市、承德市、衡水市、保定市等地有不同强度震感。中国地震台网中心副主任、研究员刘桂萍告诉中国之声记者，这次地震应该说是一次中等地震，但这样的地震不会造成破坏。', '造成的影响就是有震感，由于它的深度比较深所以震感的范围比较大。在北京的一些区域也有一些轻微的震感。但这样的地震不会造成破坏。这样的一个烈度不会造成建筑物的破坏。这次地震发生在河北河西务的一个断层上。这个断层的规模比较小。按照我们以往的经验判断，发生强烈地震的可能性非常小。', '据介绍，河北永清4.3级地震发生后，截至12号晚9点20分，记录到24次余震，最大余震1.8级。', '而从1900年以来，此次震中区50km范围内未记录到5级以上地震。距离最近的一次5级地震是在2006年7月4日河北文安发生的5.1级地震，距离本次地震大约有60km。1970年以来，震中区50km范围内的地震均为孤立型，也就是余震的震级显著低于主震震级。刘桂萍告诉中国之声记者，河北永清4.3级地震原震区发生更大地震的可能不大：', '这次地震发生在河北、天津交界的地区。这次地震应该说是这个区域的一次比较正常的地震活动的起伏。会商认为，该地震为孤立型地震的可能性很大，河北永清4.3级地震原震区发生更大地震的可能不大。但是，可能会有一些余震，引起轻微的一些震感。', '此次地震发生后，中国地震局决定，启动四级应急响应。河北省廊坊市及周边市（区）、县地震部门迅速派出人员开展灾情调查和现场应急工作。']",2018年02月13日 00:41
时隔三年，河北永清又发生地震 | 4.3级左右，北京有震感,陈孝先同学,"['编者按', '中国地震台网自动测定河北廊坊市永清县附近发生中国地震台网自动测定：02月12日18时31分在河北廊坊市永清县附近（北纬39.38度，东经116.66度）发生4.4级左右地震，最终结果以正式速报为准。', '又据新华社北京2月12日电 \xa0中国地震台网正式测定：02月12日18时31分，在河北省廊坊市永清县(北纬39.37度，东经116.67度)发生4.3级地震，震源深度20公里。', '在北京，在楼房居民听到了墙面响动的声音。在河北京永请周边县城，有居民家里的挂件明显摇晃，发出响声。', '', '这是时隔三年永清再次发生地震。据报道，大体相同位置，2015月2月28日，曾发生2.8级地震。', '据长城网廊坊报道，记者从廊坊市地震局获悉，2月28日上午11时20分，永清县附近(北纬39.2°东经116.6°)发生2.8级地震。', '地震不要惊慌', '如果遇到破坏性地震，应该采取正确的避震方式。', '1.在住宅(楼房和平房):要远离外墙及门窗，可选择厨房、浴室等开间小、不易塌落的地方躲藏。躲藏的具体位置可选择桌子或床下，也可选择坚固的家具旁或紧挨墙根的地方。住楼房的千万不要跳楼!', '2.在教室:学生应用书包护头躲在课桌下或课桌旁，地震过后由老师指挥有秩序地撤出教室。', '3.在工作间:迅速关掉电源和气源，就近躲藏在坚固的机器、设备或者办公家具旁。', '4.在商场、展厅、地铁等公共场所:躲在坚固的立柱或墙角下，避开玻璃橱窗、广告灯箱、高大货架、大型吊灯等危险物。地震过后听从工作人员指挥有序撤离。', '5.在体育馆、影剧院:护住头部，蹲、伏到排椅下面。']",2018年02月12日 19:46
河北廊坊发生4.3级地震 北京有震感,新浪网,"['酒仙桥360大厦某互联网公司大厦酒仙桥360大厦', '', '', '酒仙桥360大厦', '', '某互联网公司大厦', '', '酒仙桥360大厦', '北京震感强烈，网友：整栋楼在晃，当时正躺在床上，吓到拿起羽绒服往外跑。', '北京震感强烈，网友：整栋楼在晃，当时正躺在床上，吓到拿起羽绒服往外跑。', '']",2018年02月12日 19:45
河北永清发生4.3级地震,新浪网,"['北京时间2018年2月12日18时31分,在河北永清县(北纬39.37度,东经116.67度)发生4.3级地震,震源深度20公里。', '中国地震台网中心副主任刘桂萍研究员介绍,地震发生后,根据《中国地震局地震应急预案》,启动四级应急响应。中国地震局机关、中国地震应急搜救中心、河北省地震局、北京市地震局、天津市地震局、中国地震台网中心等相关单位立即进入应急状态。河北省廊坊市及周边市(区)、县地震部门迅速派出人员开展灾情调查和现场应急工作,并及时向中国地震局报告。', '据介绍,河北永清4.3级地震发生后,截至21时20分,记录到24次余震,最大余震1.8级。 (新华社)']",2018年02月13日 01:31
专家析河北4.3级地震：后续更大地震可能性不大,新浪网,"['', '图片来源：中国地震台网中心', '据中国地震台网官方微博消息，震中周边人口密集，有感范围较大，震中距离北京城区约65公里。据移动人口大数据分析，震中20公里范围内人口数约106万，50公里范围内约1007万，100公里范围内约5741万。', '春节将至，此次地震又发生在人口稠密的京津冀地区，关于地震的成因及影响受到了广泛关注。对此，中新网记者联系了中国地震台网中心研究员孙士f。据孙士f介绍，此次地震震级不是很大，预计并不会对人们生活造成大影响。', '孙士f说，从原因上分析，地震的形成是有规律可循的，北京周边地区最近一次比较大的地震时2006年发生的5.1级地震，至今已11年有余。在长时间地震活动水平较低的情况下，此次地震的形成是比较正常的。', '孙士f还分析，因为此次地震构造规模不大，震级较低，预计不会造成太大的影响。', '', '河北廊坊，部分市民在震后走到街头 宋敏涛 摄', '中国地震台网中心地震预报部主任蒋海昆也分析，历史上，这个地方的地震并不活跃，此次地震是孤立型，和唐山大地震是完全不同的构造体系。后续有同样乃至更大震级地震的可能性不大。', '同时，记者注意到，地震发生后，网络上有类似于“会有后续地震发生，请大家做好避震准备。”等信息，对此，记者求证了蒋海昆。', '蒋海昆告诉中新网记者，此类消息并非官方发布，系谣言，请大家不必恐慌。此外，蒋海昆还说，由于最近气温较低，请大家不要因恐慌而外出避震，以免感冒着凉。(完)']",2018年02月12日 20:58
【河北永清县发生4.3级地震】专家：原震区后续再发生类似规模地震的可能性非常小,央视,"['', '中国地震台网正式测定：02月12日18时31分，在河北廊坊市永清县(北纬39.37度，东经116.67度)发生4.3级地震，震源深度20公里。这次地震导致京津冀有明显震感，央视记者崔世杰目前就在中国地震台网中心，有关这次地震的详细情况，我们现在就连线他。', '河北4.3级地震 北京有明显震感', '', '央视记者 崔世杰：18时31分永清县发生地震以后，中国地震局就紧急召开相关单位视频连线，会商当地情况。目前，现场会商仍然在继续。中国地震台网中心在地震发生后也紧急召集了专家，对这次地震的相关参数和为什么在这个地方发生地震做了一个会商。地震点永清县距离北京60公里，距离天津55公里，永清县发生地震后，北京和天津都有明显震感。现在，请中国地震台网中心预报部主任蒋海昆给我们具体讲解这次地震到底是一个什么样的情况。', '', '央视记者 崔世杰：蒋主任，请您先给我们讲一下这次地震为什么会在永清县这里发生呢？', '', '中国地震台网中心预报部主任 蒋海昆：实际上这种小的地震只要有小构造的地方都有可能发生，所以在这地方没有特殊的含义。因为它的发生构造，从我们现在初步的研究结果来看，是一个非常小规模的，叫作河西务断裂。那么不到三四公里这样小的断裂，所以它的强度也就是这么低。从历史上活动来看，这个地方七零年以来，50公里范围内，我们4级以上地震大概记到过四次，所以这次地震也不显得特别突兀，以往四次地震里面最大的震级到过4.7。另外一个的话，从这个地方的地震活动特点来看，是孤立型为主。所谓孤立型，就是一次地震发生后，后续余震的强度会明显低。所以到目前为止，截止到今晚8点，我们记录到22次小地震，最大就是1.3级。所以我们估计这个地方的余震也就是1~2级这种规模，大家通常感觉不到。', '央视记者 崔世杰：这次地震实际上是给北京以及天津造成比较明显的震感。我们可以说明显，但不是很强烈。我当时在22楼的时候就感觉到了非常明显的上下晃动，时间虽然不长，但是在1分钟之内又来了一次上下的震荡。您可以说一下这次地震的影响范围吗？', '', '中国地震台网中心预报部主任 蒋海昆：这次地震之所以大家感觉比较强烈，实际是两个原因。一个是这次地震的震源深度相对深，大概是20公里左右，初步定的结果。这样的话，地震深了后，它的传播影响范围就会比较大，地震波。另外一个就是北京、天津都是高层建筑比较多，有感基本是在高层，这会有一个放大的效应，你要是在马路上，或者在低层里面，不会太多人感觉到的。感觉到的，有感的，基本是高层建筑里面的，特别是住的高的这样一些人有感。所以，两个原因，一个是高层多，第二个是震源深，初步分析是这样的原因。', '央视记者 崔世杰：我当时就在22楼，就感觉到非常明显的上下晃动。但是在一楼啊，其他的一些朋友，在地面上的那些啊，确实没有太怎么感觉到这次的地震。另外，再说一下老百姓特别感兴趣的，特别关心的一件事情，就是这次4.3级明显的地震之后，后续还有没有更大的地震呢？', '', '\u200b中国地震台网中心预报部主任 蒋海昆：刚才我讲过了，从历史地震活动来看，这个地方地震类型是以孤立性为主。所谓孤立性，就是孤零零一个大的，后面跟着的非常小，和它震级差距是比较大的。那么刚才我讲过，一般是超2.4级以上，所以4.3级地震它的余震可能就分布在1~2级这个范围内，大家不用惊慌。那么冷的天，该进屋还是要进屋。我们也分析，原震区短时间内再发生类似规模地震的可能性非常小。']",2018年02月12日 22:45
河北廊坊永清县发生4.3级地震 北京、天津有震感,新浪网,"['中新网2月12日电 中国地震台网正式测定：2月12日18时31分在河北廊坊市永清县(北纬39.37度，东经116.67度)发生4.3级地震，震源深度20千米。河北、天津、北京的网友纷纷表示有震感，朋友圈也被地震相关信息刷屏。', '', '网友纷纷在中新网微博留言，网友Toownalittlebetter说“天津有震感！楼在晃！我冲出了屋子”；网友老友5022说“唐山也有震感，正吃饭呢，近几年在家感觉到最大的地震，一定要平平安安的！”；网友找不到我找不到我找不到-我表示“坐标北京通州，在家里躺着就感觉床在前后晃”。', '']",2018年02月12日 19:09
河北永清发生发生4.3级地震 震中周边人口密集,新浪网,"['中新网2月12日电 中国地震台网正式测定：2月12日18时31分在河北廊坊市永清县(北纬39.37度，东经116.67度)发生4.3级地震，震源深度20千米。', '据国家地震台网官方微博消息，震中周边人口密集，有感范围较大，震中距离北京城区约65公里。据移动人口大数据分析，震中20公里范围内人口数约106万，50公里范围内约1007万，100公里范围内约5741万。', '', '本次地震周边5公里内的村庄有辛务村、小站村、左奕村、焦庄村、北刘庄村、东西溜村、西西溜村、北上村、大站村、横亭村，20公里内的乡镇有别古庄镇、韩村镇、调和头乡、仇庄乡、码头镇、曹家务乡、杨税务乡、葛渔城镇、里澜城镇。', '震中距安次区15公里、距永清县16公里、距广阳区17公里、距固安县33公里、距霸州市36公里，距廊坊市19公里，距天津市56公里。', '震中周边200公里内近5年来发生3级以上地震共11次，最大地震是2014年9月6日在河北省张家口市涿鹿县发生的4.3级地震(距离本次震中150公里)。']",2018年02月16日 19:04
中国地震局启动四级地震应急响应,央视,"['2018年2月12日18时31分，河北省永清县发生4.3级地震，震源深度20公里。经了解河北省廊坊市、北京市、天津市、河北省唐山市、沧州市、承德市、衡水市、保定市等地有不同强度震感。根据上述情况，中国地震局决定：一、根据《中国地震局地震应急预案》，启动四级应急响应。二、中国地震局机关、中国地震应急搜救中心、河北省地震局、北京市地震局、天津市地震局、中国地震台网中心等相关单位立即进入应急状态，做好应急值守、信息汇总、余震监测、地震趋势研判、灾害调查评估、社会稳定等工作。三、河北省廊坊市及周边市（区）、县地震部门迅速派出人员开展灾情调查和现场应急工作，并及时向中国地震局报告。四、视情派出中国地震局地震现场应急工作队。五、中国地震局有关直属单位按《中国地震局地震应急预案》的要求开展相关工作。', '中国地震局：原震区再次发生4级以上地震的可能性不大']",2018年02月12日 22:17
大风降温！明后天咋过节…… | 廊坊永清县发生4.3级地震，发生更大地震的可能性不大,燕赵都市报,"['亲们，早上好！', '1、唐山小伙儿追肇事逃逸者致其身亡被索赔60万，法院驳回原告诉求', '2、“我执勤，你就来！”特警的一句承诺让拾荒者有了“温情食堂”', '3、大爷背200斤年货，辗转千里转三次车与家人团聚', '4、男子从事衣橱整理师1小时收费2000元，客户多为女企业家', '5、别人家的狗！英国金毛变身“老司机”割草耕地十项全能', '6、奥委会官员：朝韩冰球联队应该拿诺贝尔和平奖', '更多↓↓', '', '今日限行', '石家庄、张家口、秦皇岛、唐山、廊坊、保定、邢台、沧州、邯郸、定州、辛集，以及北京、天津：限行尾号\xa01 和 6\xa0！', '各地限号措施如有变化，则以最新发布为准！', '天气', '14-15日，河北再迎大风降温天气', '这两天，河北各地都将维持升温的势头，今天中南部最高气温将升至12-14度之间！只是14-15日，河北又将迎来一次大风降温过程，中南部地区云量有所增多，河北省最低气温下降4～6℃。张家口、承德、保定西北部最低气温可达-10～-18℃，其中坝上地区可达-19～-21℃，南部地区最低气温可达-2～-4℃，其他地区-4～-10℃。', '', '未来三天天气预报', '今天白天，张家口、承德、唐山、秦皇岛多云，其他地区晴间多云。', '今天夜间到14日，张家口、承德多云转晴，其他地区晴间多云。', '14日夜间到15日，西北部地区多云间晴，其他地区晴间多云。', '11市具体预报', '今天白天到夜间', '', '（河北天气）', '身边', '廊坊永清县发生4.3级地震，发生更大地震的可能性不大', '记者从河北省地震局获悉，据中国地震台网自动测定，2月12日18时31分在我省廊坊市永清县（北纬39.37度，东经116.67度）发生4.3级地震，震源深度20千米。暂无人员伤亡和财产损失报告，其他具体情况正在进一步核查中。据中国地震台网中心与河北、北京、天津三省（市）地震局联合会商，认为本次地震为孤立型地震可能性较大，发生更大地震的可能性不大。', '省委省政府高度重视，省委书记王东峰、省长许勤第一时间提出要求，已部署省政府主管领导及廊坊市领导赶赴现场。', '', '（河北日报微信）', '2018年河北省重点项目推介会召开：今年省市重点项目确保完成投资8000亿元', '2月12日，省发改委与省金融办、人民银行石家庄中心支行联合召开2018年河北省重点项目推介会。据介绍，此次重点项目遴选过程中优先安排列入国家和省重大规划项目，支持雄安、冬奥、新机场临空经济区等两翼发展。同时省重点项目评价指标体系得到了进一步完善，将高耗能、高排放、资源型项目列入一票否决条件，确保入选重点项目能耗、污染物排放等指标符合国家和省的标准要求。', '按照省政府工作部署，在前两年开展重点项目“提升年”“转型升级年”活动基础上，今年组织开展重点项目“提质增效年”活动，实施省市重点项目“438”工程，即省重点项目440项，市重点项目3000项左右，确保全年完成投资8000亿元左右，形成“开工一批、建设一批、竣工一批、储备一批”的滚动发展格局。经省政府批准，2018年省重点项目共440项，总投资25886.2亿元。其中建设项目300项（计划开工项目、续建项目、保投产项目各100项），总投资13696亿元，年计划投资2649亿元；前期项目140项，总投资12190.2亿元。（燕赵都市报）', '', '朱振彪准备进入法庭。来源：看法新闻', '唐山小伙儿朱振彪追赶肇事逃逸者张永焕致其被火车撞身亡，随后遭其家属索赔60余万元。该案2月12日上午在河北省唐山市滦南县法院开庭审理。12日下午，法院一审判决驳回原告张永焕家属的所有诉求，认定朱振彪的追赶行为与死者撞火车不具有法律上的因果关系。朱振彪的行为不具有违法性，而且属于见义勇为行为。\xa0（法制晚报）', '考生注意！河北省高招体育类专业测试4月份在邢台学院举行', '', '今年河北省普通高等学校招生普通体育类专业测试将于4月份在邢台学院举行，各考生具体测试时间届时详见省教育考试院网站（www.hebeea.edu.cn）。测试成绩采取当场公布的方式。考生每完成一个测试项目，裁判员现场公布该项目成绩，成绩保留两位小数，并由本人签字确认。（@河北日报）', '热点', '', '12日13时03分，我国在西昌卫星发射中心用长征三号乙运载火箭，以“一箭双星”方式成功发射第二十八、二十九颗北斗导航卫星。本次发射是北斗三号工程第三次全球组网卫星发射，也是农历鸡年中国航天的“收官之战”。至此，我国所有北斗卫星成功率达100%。（@人民日报）', '他们说在部队过年挺好玩儿的，看完却泪目了…', '', '“爸妈，今年过年我不回家了，我要值班，在部队里过年挺好玩的……”春节期间，驻守在祖国国门一线的武警边防官兵为了万家安宁，留在军营，将思念化作坚守。感谢有你们，向最可敬可爱的中国军人致敬！（央视新闻移动网）', '“我执勤，你就来！”特警的一句承诺让拾荒者有了“温情食堂”', '', '“我执勤，你就来！”2017年12月末，在哈尔滨道里区经纬街与新阳路交口执勤的民警王京将自己的盒饭拿给拾荒者时说了这么一句话，从此王京的执勤点就成了拾荒者的“温情食堂”。两个月以来，王京和车组民警们每次执勤都会在家里带些吃的，让拾荒者在寒冷的冬天感到温暖！（@平安哈尔滨）', '在路上的小两口：有车就有家', '', '35岁的李明，2007年从老家出来跑车；2010年，他凑钱买了辆大货车，把妻子接来一起跑车。丈夫开车，妻子管后勤。他们常年以车为家，每天和孩子打电话聊聊天，就是最大的快乐。奔波一天，一碗面条，都会让他们感觉很幸福。有车就有家，幸福靠奋斗！（@央视新闻）', '大爷背200斤年货，辗转千里转三次车与家人团聚', '', '9日，湖南衡阳火车站，64岁的王大爷带两百斤重土特产，跨两省，转三次车，耗了十多个小时，只为与家人团聚。大叔说，儿孙都喜欢吃家乡的土特产！出站后他扛着东西坐公交，说省钱给孙子念书用，“他们能赚钱，这是我的心意！”（梨视频）', '白发夫妇车站等待女儿：几天前就来踩点，害怕错过厕所都不敢上', '', '10日，重庆火车北站，一对老夫妇在等着从广东回来的女儿，他们从北碚坐了一个多小时的地铁，因担心找不到地方提前几天就来探过路。老人担心与女儿错过，连厕所都不敢上：我很想见，害怕错过！（梨视频）', '教科书一般！男童车站内走失，淡定求助民警', '', '近日，江苏常州一名7岁男童在车站和妈妈走散。男孩立刻寻找警察求助，有条不紊地跟民警阐述自己和谁走散，流利报出妈妈的电话……最终母子团聚。家长们记得这样教导孩子哦！', '为让妻子补觉，这位教师“奶爸”抱娃阅卷', '', '范应彬是山东青岛一中学的高三老师，他是57个学生的班主任、113个学生的数学老师，同时还是两个孩子的父亲。近日，同为教师的妻子为照顾生病的小儿子，接连好几天没睡好，为了让爱人补个觉，范应彬当起了“超级奶爸”边抱孩子边阅卷。（中国教育报）', '男子从事衣橱整理师1小时收费2000元，客户多为女企业家', '', '郑州36岁的林乐是一位衣橱整理师，他工作一小时收费2000。他说，整理衣橱要考虑客户的综合形象。生意好的时候，每月能接十单左右，客户多以女企业家、自己做生意的为主。（@看看新闻KNEWS）', '头晕！重庆一小区现魔幻""旋转""公路，回家要转1440°', '', '重庆江北区一居民小区，住户从主干道进入小区需上5层楼，连续旋转4个360°的圆圈。司机说2分钟内要转1440°的圈，头都要转晕。网友：又想骗我去重庆！（图/视觉中国）', '消防员爬到湖心救冰窟内小狗：狗也是一条生命，同样值得尊重', '', '7日，西安一只宠物狗被困湖中心的冰窟窿里。西安消防的消防员身系绳索在冰面上匍匐前进，尽管冰面发生破裂，消防员还是将狗救回岸边。下水救狗的消防员说，“狗也是一条生命，同样值得尊重”。（北京时间）', '萌化了！穿唐装背书包，企鹅一家三口逛中央大街', '', '你见过最另类的游客是啥样？10日，中央大街上的这3位“游客”一定超出你的想象力――它们竟是哈尔滨极地馆的企鹅一家！企鹅爸妈穿着喜庆唐装，小企鹅背着亲子款“书包”，摇摇摆摆走在路上，憨态可掬。网友：想去偶遇！（中国新闻网）', '外国小伙舞狮求婚中国女教师，接地气！', '', '在广州当外教6年，美国小伙Leo爱上了同事嘉敏，深爱中国文化的他请舞狮队去女友家拜早年，自己则扮大头佛，亮出春联让穿着睡衣的女友哭笑不得！ Leo单膝跪地，掏出代表“一生唯一真爱”的求婚钻戒“Love you forever，嫁给我！”中西结合求婚大法好，洋女婿走心了！（@中国新闻周刊）', '国际', '纽约已被春节占领？帅老外自拍买年货', '', '春节氛围渐浓，连老外都按耐不住了。中国文化真爱粉帅哥Jean就在纽约街头自拍如何买年货、备本命年红T恤、唱“恭喜发财”、扫五福、拿红包……网友表示：在过年这事儿上，外国人比我们还认真！（梨视频）', '别人家的狗！英国金毛变身“老司机”割草耕地十项全能', '', '在英国北爱尔兰的一个农场，有一只会开拖拉机的狗狗，常引得众人围观。这只名叫兰博的金毛猎犬，可谓是十项全能型的农场小帮手！修剪草坪、犁地、收割玉米、修剪树篱…样样都行！（@时间视频）', '文体', '惊艳！70名姑娘将嫁衣带到了央视春晚分会场', '', '在2018年央视春晚黔东南分会场，有70名姑娘光穿衣时间就要4个小时，穿上后顶着三四十斤的服饰进行排练。她们都不敢轻易晃动，因为穿在身上的衣服是姑娘们出嫁的嫁衣，从出生起她们的妈妈就开始准备了，每一件衣服和银饰充满了家人对姑娘的爱与祝福。（@中国新闻网）', '再见传奇！马布里正式退役', '', '11日，马布里结束22年的职业生涯，在CBA本赛季最后一轮赛后正式退役。他三次带领北京队问鼎CBA总冠军，于2014-2015赛季包揽常规赛、全明星赛和总决赛MVP。此前在NBA13个赛季中均得19.3分、7.6次助攻、3个篮板和1.2次抢断，两度入选全明星。网友：说不出再见！致敬老马！（@央视新闻）', '平昌冬奥会：单板滑雪女子U型池，中国两选手晋级决赛', '', '刘佳宇在比赛中', '12日平昌冬奥会单板U型池女子资格赛中，中国队刘佳宇以第一轮87.75分位列第二位，和排在第六位的蔡雪桐一起晋级决赛。决赛将于北京时间今天上午9时举行。（央视新闻）', '奥委会官员：朝韩冰球联队应该拿诺贝尔和平奖', '', '接受路透社采访时，奥委会官员、四届冬奥金牌得主Angela Ruggiero表示，应该授予朝韩冰球女子联队诺贝尔和平奖。这支球队由朝鲜和韩国两国的冰球选手组成，不过第一战她们0-8惨败于瑞士。（@新浪体育）', '', '满城烟花', '', '雪花纷纷来将世界亲吻', '雪落无声轻叩每一扇门', '灯火满城催问今夜行人', '还有多久的行程', '每当烟花推动世间年轮', '我听回声心却肆意狂奔', '有些怀念只在此时此分', '何年何月再相逢', '满城烟花绽放今宵繁华', '满地雪花等候青春萌芽', '海阔天空我们在一同长大', '普天下 美好一家', '每当烟花推动世间年轮', '我听回声心却肆意狂奔', '有些怀念只在此时此分', '何年何月再相逢', '满城烟花绽放今宵繁华', '满地雪花等候青春萌芽', '海阔天空我们在一同长大', '普天下 美好一家', '满城烟花绽放年年繁华', '满地雪花守望青春萌芽', '海阔天空我们在一同长大', '普天下 美好一家', '编辑/李薇']",2018年02月13日 09:36
市地震局：天津地区近期发生5级以上地震的可能性不大！这些谣言别信,今晚报,"['在河北廊坊市永清县(北纬39.37度，东经116.67度)发生4.3级地震，震源深度20公里。由于此次地震距离天津市较近，震源深度较浅，造成我市大部分地区震感明显。地震发生后，天津市地震局立即启动地震应急Ⅲ级响应工作，正在组织专家进行会商，初步分析认为，此次地震属本地区的正常地震活动，对天津市影响不大。市地震局已派出现场工作队赴武清区开展现场工作。', '', '震中周边人口密集，有感范围较大，震中距离北京城区约65公里。据移动人口大数据分析，震中20公里范围内人口数约106万，50公里范围内约1007万，100公里范围内约5741万。', '', '经专家分析研判，', '天津地区近期发生5级以上地震的可能性不大。', '辟谣①', '@廊坊发布：今晚18点31分，河北永清县附近发生4.3级地震后，河北省、廊坊市地震局应急人员和有关专家已赶往震区，正核实灾情，会商情况。目前，网传永清县9958应急救援队接到通知，今晚11点30分有余震活动的消息纯属谣言，公安部门正在追查谣言的源头，请广大群众勿信勿传谣言，以权威发布为准。', '', '', '辟谣②', '18时廊坊发生4.3级地震后，朋友圈出现一条消息：“检测局紧急通知，因地壳变动今晚津京冀地区，八点到凌晨六点有间接性地震发生，3～5级，请大家做好避震准备以防有危险发生。检测局2018.2.12\xa0\xa0\xa0\xa016点40分通知”。', '提醒：地震系统没有检测局这个单位，目前信息显示这次地震可能为孤立型，原震区发生更大地震可能性不大。转发给更多人！', '', '', '', '天津市地震局提醒请大家擦亮眼睛，不要相信谣言，并提出可用“5个凡是”辨别。', '1.凡是在地理位置上存在常识性错误的均为谣言。', '2.凡是传说地震震级很大或震级很准确，发震时间、地点都很准确者基本都可判定为虚假消息。', '3.凡是带有封建迷信色彩或伴有离奇传说者为谣言。如:闰月有地震，某地要沉为大海等。', '4.凡是传说地震是外国人给我们测出来者是诈。', '5.凡是打着某专家的旗号或说成是某地震机构的预报，不通过正常途径而由小道传播者为假。', '此外，微博、朋友圈最常见的地震谣言之一，就是地震云谣言！而实际上，云和地震没有关联！', '', '法律链接：', '《中华人民共和国防震减灾法》第二十九条明确规定，国家对地震预报意见实行统一发布制度。地震预报意见由省、自治区、直辖市人民政府按照规定的程序发布，任何单位和个人不得向社会散布地震预测意见。', '《刑法修正案(九)》：“编造虚假的险情、疫情、灾情、警情，在信息网络或者其他媒体上传播，或者明知是上述虚假信息，故意在信息网络或者其他媒体上传播，严重扰乱社会秩序的，处3年以下有期徒刑、拘役或者管制造成严重后果的，处3年以上7年以下有期徒刑。”', '《中华人民共和国防震减灾法》第八十八条规定，向社会散布地震预测意见、地震预报意见，扰乱社会秩序，构成违反治安管理行为的，由公安机关依法给予处罚。', '灾害无情', '掌握必要的逃生方法', '在关键的时刻才能挽救自己和家人的生命', '', '', '', '', '', '', '', '', '', '', '今晚报官方微信出品', '今晚报记者 孙启明', '其他来源：@今晚报、@廊坊发布、@人民日报、@中国地震台网速报', '觉得此文有用，就点ZAN支持吧~']",2018年02月13日 10:35
廊坊永清县发生4.3级地震，电网无恙供电一切正常,新浪网,"['中国地震台网正式测定：2月12日18时31分，在河北廊坊市永清县（北纬39.37度，东经116.67度）发生4.3级地震，震源深度20千米。', '', '国网冀北电力公司第一时间启动应急响应。', '', '该公司领导第一时间全面进行部署，各级负责人到岗到位，调度系统迅速了解电网情况，掌握第一手资料；运维系统立即安排输电、变电、配电等专业对电网设备开展特巡，排查震后设备受损情况，特别是永清县及周围区域的电网设备；营销系统主动联系辖区高危及重要客户的用电情况，尤其是永清县境内高危石化行业客户，一旦客户需要，可马上提供电力保障服务。', '', '随后，该公司组织各单位员工对特殊地段输电线路进行巡视检查，排查杆塔和线路隐患；对可能发生异常的主配网开关、刀闸故障提前进行了防范；认真开展了变电站设备保温、密封、驱潮、加热等装置运行状况的全面检查，发现异常及时消除。', '', '在河北廊坊市，廊坊供电公司第一时间启动保电应急预案，安排永清县供电分公司应急抢修人员、各供电所和生产岗位人员进入备战状态，实施24小时值班制度，时刻准备应对有可能发生的各类突发事故，确保电网输变电设备始终处于良好的运行状态。', '', '截至目前，永清县电网运行安全稳定，线路未发生跳闸情况，全县供电正常。', '（来源：国网冀北电力）', '（赵淑伟李春宏高春明）']",2018年02月12日 23:55
专家分析河北廊坊4.3级地震：后续更大地震可能性不大,新浪网,"['', '部分市民在震后走到街头\xa0 宋敏涛 摄', '据中国地震台网官方微博消息，震中周边人口密集，有感范围较大，震中距离北京城区约65公里。据移动人口大数据分析，震中20公里范围内人口数约106万，50公里范围内约1007万，100公里范围内约5741万。', '春节将至，此次地震又发生在人口稠密的京津冀地区，关于地震的成因及影响受到了广泛关注。对此，中新网记者联系了中国地震台网中心研究员孙士f。据孙士f介绍，此次地震震级不是很大，预计并不会对人们生活造成大影响。', '孙士f说，从原因上分析，地震的形成是有规律可循的，北京周边地区最近一次比较大的地震时2006年发生的5.1级地震，至今已11年有余。在长时间地震活动水平较低的情况下，此次地震的形成是比较正常的。', '孙士f还分析，因为此次地震构造规模不大，震级较低，预计不会造成太大的影响。', '中国地震台网中心地震预报部主任蒋海昆也分析，历史上，这个地方的地震并不活跃，此次地震是孤立型，和唐山大地震是完全不同的构造体系。后续有同样乃至更大震级地震的可能性不大。', '同时，记者注意到，地震发生后，网络上有类似于“会有后续地震发生，请大家做好避震准备。”等信息，对此，记者求证了蒋海昆。', '蒋海昆告诉中新网记者，此类消息并非官方发布，系谣言，请大家不必恐慌。此外，蒋海昆还说，由于最近气温较低，请大家不要因恐慌而外出避震，以免感冒着凉。', '（原题为《专家析河北4.3级地震：后续更大地震可能性不大》）']",2018年02月12日 21:20
郑国光指导河北永清4.3级地震应急处置工作,中国地震局网站,['郑国光听取了河北省地震局、北京市地震局、天津市地震局和中国地震台网中心应急处置工作汇报。郑国光指出，此次地震发生后，中央领导同志对应急处置工作高度重视，中国地震局迅即启动四级应急响应，组织专家进行震情趋势分析和研判，相关省局积极做好震情趋势研判、舆情监测与引导等工作。他强调，此次地震在时间和空间上具有特殊性，震级不大但是社会影响较大，做好震情研判和舆情应对工作尤为重要。下一步要继续强化震情监测分析工作，密切关注震情发展。要加强和宣传部门联动，会同有关专家配合地方做好科普宣传和舆论引导工作，确保群众过一个平安的春节。'],2018年02月13日 00:20
,,,
